zh;en;carbohydrates;energy;fat;fat_saturated;fiber;proteins;salt;sodium;sugars
琼脂;Agar;0;160;0;;74,1;2,4;;130;
龙舌兰糖浆;Agave syrup;73;295;0;;0;0,2;;;
阿尔卑斯通心粉（已烹制）;Macaroni from the alps, prepared;19;185;9;5,3;1,7;6,1;6,7;440;1,4
阿玛雷蒂杏仁饼干;Amaretti (Almond cookie);76;455;12;0,9;3,2;7,6;2;36;75,7
糖水菠萝（罐头）;Pineapple, sweetened, canned;20;90;0;0;1,3;0,4;0;1,8;20,2
新鲜菠萝;Pineapple, fresh;11;55;0;0;1,4;0,4;1,4;2;11,3
无糖菠萝（罐头）;Pineapple, unsweetened, canned;11;55;0;0;1,4;0,4;0;2;11,3
炖苹果（沥干，无添加糖）;Apple, stewed, drained (without addition of sugar);15;75;0;0,1;2,8;0,4;1;5,3;15,3
去皮苹果干;Apple, peeled, dried;63;295;2;0,5;9,2;1,5;10;15;60
新鲜苹果;Apple, fresh;12;55;0;0,1;2,1;0,3;0,8;4;11,6
苹果派（酥皮，烘烤）;Apple pie, baked (with puff pastry);17;145;7;3,9;1,7;2,3;3;94;9,5
苹果派（蛋糕面团，烘烤）;Apple pie, baked (with cake dough);19;135;5;2,6;1,8;2,7;3,1;100;9,5
加糖果酱（罐头）;Applesauce, sweetened, canned;21;90;0;0,1;1,9;0,3;0,7;3,6;20,4
无糖果酱（罐头）;Applesauce, unsweetened, canned;12;55;0;0,1;2,1;0,3;0,8;4;11,6
苹果汁;Apple juice;11;45;0;0;0;0,1;2;2,3;10,3
苹果酒（4 vol%）;Cider, 4 vol%;3;35;0;0;0;0;10;4;2,5
苹果酒（6.2 vol%）;Cider, 6.2 vol%;7;65;0;0;0;0;10;2;7,3
阿彭策尔奶酪（至少15%脂肪干物质）;Appenzeller, at least 15% fidm;0;240;11;6,8;0;33,8;35;810;0
阿彭策尔奶酪（至少45%脂肪干物质）;Appenzeller, at least 45% fidm;0;390;32;19;0;24,8;8,4;620;0
炖杏（沥干，无添加糖）;Apricot, stewed, drained (without addition of sugar) ;13;60;0;0;2,6;1;0,6;2,5;12,5
杏干;Apricot, dried;48;275;1;0;17,7;5;2,7;11;43,3
糖水杏（罐头）;Apricot, sweetened, canned;19;85;0;0;1,9;0,7;0,4;1,8;19
新鲜杏;Apricot, raw;10;50;0;0;2,1;0,8;0,5;2;10
无糖杏（罐头）;Apricot, unsweetened, canned;10;50;0;0;2,1;0,8;0,5;2;10
杏派（酥皮，烘烤）;Apricot pie, baked (with puff pastry);15;140;7;3,8;1,7;2,6;2,8;93;8,4
杏派（蛋糕面团，烘烤）;Apricot pie, baked (with cake dough);18;130;5;2,6;1,8;3;2,9;100;8,4
炖茄子（无油无盐）;Eggplant, stewed (without addition of fat and salt);4;30;0;0;3;1,2;0,2;3,8;3,5
生茄子;Eggplant, raw;3;25;0;0;2,4;1;0,2;3;2,8
茄子皮卡塔（已烹制）;Eggplant piccata, prepared;9;170;12;4,5;2,3;5,3;7,9;260;2,9
面包糠茄子片（已烹制）;Eggplant slices, breaded, prepared;15;140;6;0,7;3;4,8;4,9;290;3
冷切肉（平均）;Cold cuts (average);1;290;26;9,7;0;14,1;0,6;790;0,7
新鲜牛油果;Avocado, fresh;1;145;14;2,9;3;1,8;1;7;0,8
压榨烘焙酵母;Yeast (baking), pressed;1;100;1;0,2;6,9;16,7;0,6;22;0
巴米炒面（已烹制）;Bami Goreng, prepared;14;140;3;0,4;0,9;14;1,6;400;1,5
香蕉干（香蕉片）;Banana, dried (banana chips);81;370;2;0,7;7,6;3,9;0;3;65,3
香蕉干;Banana, dried;60;275;1;0,4;5,5;3;8,1;8;43,7
新鲜香蕉;Banana, raw;21;95;0;0,1;2;1,1;2;1;17,2
新鲜罗勒;Basil, raw;5;50;1;0,1;3,1;3,1;0,9;9;5
巴塞尔利口乐饼;Basler Leckerli (Swiss biscuit from Basel);75;405;8;0,6;3,2;6,9;0,6;2,9;52
烤猪肉香肠（生）;Bratwurst, fried sausage, pork, raw;0;245;19;7,1;0;16,9;1,3;1530;0,2
农家面包;Farmers' bread;45;240;2;0,7;4,2;9;3,7;700;2,5
农家风味萨拉米;Salami Farmer style;1;535;50;18,7;0;20,6;0,9;1580;0,8
农家风味许布利希香肠;Peasant's Schüblig;0;525;49;18,8;0;21,3;1;1590;0,3
农家风味培根（生，烟熏）;Bacon Farmer style, raw, smoked;1;520;49;0;0;19,1;0;0;0
核桃;Walnut;7;745;71;6,3;6,7;15,9;2;0,3;2
核桃面包;Bread with walnuts;31;340;19;3,9;5,5;8,9;2,9;480;1,4
自制白酱;Béchamel sauce home made;10;150;10;6;0,2;4,3;9,8;300;4,8
熟浆果（平均，无添加糖）;Berries (average), cooked (without addition of sugar);8;45;1;0;3;0,8;1,3;2,2;7,6
生浆果（平均）;Berries (average), raw;7;45;1;0;2,8;0,8;1,2;2,1;7,2
柏林甜甜圈;Berliner pastry;43;330;13;6,8;2,2;8,4;4,1;250;5,2
伯尔尼高山奶酪;Bernese alp cheese;0;460;38;;0;27,7;;660;
伯尔尼刨花奶酪;Bernese cheese for slicing;0;495;41;;0;30,6;;690;
伯尔尼舌头香肠;Bernese tongue sausage;0;335;29;10,9;0;17,3;0,7;600;0
比伯姜饼;Biber (Filled ginger bread type);57;465;20;1,6;6;10,3;1;1,8;45,4
啤酒混合饮料（平均）;Beer shandy (average);7;40;0;0;0;0,2;1,2;3,1;6,4
干酵母;Yeast, dried;27;355;4;0,6;9,5;47,9;4;77;3,2
啤酒香肠;Bierwurst (coarse heat-treated, cured & smoked sausage, beef and pork);0;350;31;11,8;0;16,8;0,7;580;0
比歇尔穆斯利（已制，无添加糖）;Birchermüesli, prepared (no sugar added);11;90;3;1,2;1,9;2,7;5,7;20;8,3
炖梨（沥干，无添加糖）;Pear, stewed, drained (without addition of sugar);16;75;0;0;3;0,5;1;2,6;15,8
梨干;Pear, dried;60;290;1;0,1;13,5;2,4;5;10;49,3
糖水梨（罐头）;Pear, sweetened, canned;21;95;0;0;2,1;0,4;0,7;1,8;21
新鲜梨;Pear, raw;12;60;0;0;2,3;0,4;0,8;2;12,2
无糖梨（罐头）;Pear, unsweetened, canned;12;60;0;0;2,3;0,4;0,8;2;12,2
梨派（酥皮，烘烤）;Pear pie, baked (with puff pastry);17;145;7;3,8;1,8;2,4;3;93;9,9
梨派（蛋糕面团，烘烤）;Pear pie, baked (with cake dough);19;140;5;2,6;2;2,8;3,1;100;9,9
梨汁;Pear juice;11;50;1;0,2;0;0,5;1;2;11
梨子酥皮卷;Birnenweggen, pastry with pear;57;360;10;5,8;7,7;5;2,5;290;33,7
白奶酪;Blanc battu;3;45;0;0,1;0;7,6;7;23;2,4
轻盈水果白奶酪;Blanc battu with fruits light;8;70;0;0,1;0,3;8;10;48;5,4
自制黄油酥皮（生）;Puff pastry home-made (with butter), raw;29;365;25;14,6;1,3;5,2;0,5;340;0,3
自制植物脂肪酥皮（生）;Puff pastry home-made (with vegetable fat), raw;29;360;24;6,7;1,3;5,2;0,9;360;0,1
黄油酥皮派;Puff pastry patty with butter;43;565;41;25;2;5,8;0;470;1
酥皮棒;Puff pastry sticks;40;500;34;14,6;1,8;7,2;1,2;1040;0,3
蒸绿叶蔬菜（平均，不含沙拉，无盐）;Leafy vegetables (average excluding salads), steamed (without addition of salt);2;25;0;0;2,4;1,6;2,4;18;2,2
炖绿叶蔬菜（平均，不含沙拉，无油无盐）;Leafy vegetables (average excluding salads), stewed (without addition of salt and fat);3;25;0;0;2,6;1,7;2,7;22;2,3
煮绿叶蔬菜（平均，不含沙拉，无油无盐）;Leafy vegetables (average excluding salads), boiled (without addition of salt and fat);2;25;0;0;2,5;1,6;2,3;16;2,2
生绿叶沙拉（平均）;Leafy salad (average), raw ;1;20;0;0;1,9;1,6;5,7;18;1,4
蓝纹奶酪（平均）;Blue cheese (average);0;365;32;18,9;0;19,1;40;1530;0
蒸花椰菜（无盐）;Cauliflower, steamed (without addition of salt);2;30;0;0;2,5;2,5;0,6;12;2,1
生花椰菜;Cauliflower, raw;2;30;0;0;2,4;2,4;0,6;14;2
黑布丁;Black pudding;3;155;11;4,5;0,1;10,7;6,8;800;2,6
蒸青豆（无盐）;Green bean, steamed (without addition of salt);4;35;0;0,1;3,4;2,3;3,1;3,7;2,4
青豆干;Bean, green, dried;26;255;2;0,4;25,3;20,2;25;17;9,5
生青豆;Bean, green, raw;4;35;0;0,1;3,1;2,1;3;4;2,2
煮白豆（无油无盐）;Bean, white, cooked (without addition of fat and salt);18;130;1;0,2;7,4;8,5;0,2;1,2;1,4
白豆干;Bean, white, dried;44;325;3;0,4;18,4;21,3;0,6;2,1;3,6
肉酱;Ground meat sauce;8;100;4;1,4;0,6;6,3;1,5;220;2,6
肉汤（已制）;Bouillon, meat, prepared;0;5;0;0,2;0;0,3;3;420;0
禽肉汤（已制）;Bouillon, poultry, prepared;0;5;0;0,1;0;0,3;2,8;400;0,1
蔬菜汤（已制）;Bouillon, vegetable, prepared;0;10;0;0,1;0;0,3;3,6;360;0,1
坚果夹心牛奶巧克力;Milk chocolate filled with nuts (chocolate bar);49;560;36;16,8;3,4;7,6;7,3;62;47,9
谷物烈酒（如威士忌）;Spirits, grain (e.g. whisky);0;255;0;0;0;0;0;1;0,1
葡萄酒烈酒（如干邑）;Spirits, wine (e.g. cognac);2;240;0;0;0;0;0;2;2
甘蔗烈酒（如朗姆酒）;Spirits, sugar cane (e.g. rum);0;235;0;0;0;0;0;1;0
澄清黄油;Butter, clarified;0;885;98;58,9;0;0,1;0;10;0
浓肉汁;Gravy, thickened;5;55;3;0,7;0,5;1,6;3;580;0,8
清肉汁;Gravy, brown;4;45;3;0,5;0,5;1,5;3;900;1,5
布雷绍拉干牛肉;Bresaola (cured beef);0;170;4;1,6;0;32,4;0;2730;0
布里奶酪（至少25%脂肪干物质）;Brie, at least 25% fidm;0;200;12;6,9;0;24;23;740;0
布里奶酪（至少50%脂肪干物质）;Brie, at least 50% fidm;0;335;30;18;0;16;20;560;0
布里奶酪（至少45%脂肪干物质）;Brie, at least 45% fidm;0;300;24;14,1;0;21,8;8,3;510;0
蒸西兰花（无盐）;Broccoli, steamed (without addition of salt);2;30;0;0,1;2,9;2,9;14;11;2,2
生西兰花;Broccoli, raw;2;35;0;0,1;3;3;15;13;2,3
新鲜黑莓;Blackberry, fresh;6;45;0;0;6;1;0,4;3;6,2
黑莓派（酥皮，烘烤）;Blackberry pie, baked (with puff pastry);13;135;7;3,8;4,3;2,8;2,8;94;5,9
黑莓派（蛋糕面团，烘烤）;Blackberry pie, baked (with cake dough);15;130;5;2,6;4,4;3,2;2,8;100;5,9
黑莓派（甜酥皮底，烘烤）;Blackberry pie, baked (with sweet short pastry base);19;200;11;6,4;4;3,2;2,3;92;8,4
面包（平均）;Bread (average);45;265;5;2,3;3,7;9,2;2,6;620;1,3
熟熏香肠（平均）;Cooked smoked sausages (average);0;265;23;8,7;0;14,3;0,1;870;0,4
未熏熟香肠（平均）;Cooked sausages not smoked (average);1;260;22;8,4;0;13,2;1;1550;0,8
生西洋菜;Water cress, raw;0;20;0;0,1;2,6;2,2;2;42;0,3
布伦斯利巧克力饼干;Brunsli (chocolate cookie);42;495;29;5,6;7,9;12,7;2,3;53;38,2
荞麦米（去皮）;Buckwheat, grain peeled;71;345;2;0,3;3,7;9,1;0,5;2;0,4
荞麦粉;Buckwheat flour;65;345;3;0,6;6,2;12;0,2;6;0,3
格劳宾登大麦汤;Graubünden barley soup;7;45;1;0,5;0,5;1,4;4,2;340;1,2
半白面包卷;Bread roll (semi white);42;220;1;0,2;2,9;8,6;0,8;770;0,4
白黄油可颂;Butter croissant, white;44;435;24;14,1;2,6;8,8;1,8;490;3,3
全麦黄油可颂;Butter croissant, wholemeal;39;370;20;11,5;3,6;6,4;1,5;440;1,2
酪乳;Buttermilk;4;35;1;0,3;0;3,2;7,3;60;4
韦格力黄油面包卷;Weggli, bread roll made with butter;47;310;9;4,9;2,2;9,4;4,5;650;3,4
黄油辫子白面包;Braided white bread made with butter;46;330;11;6,5;2,1;9;5;580;2,9
全麦黄油辫子面包;Braided bread, wholemeal, made with butter;41;275;6;3,2;7,3;9,4;2,5;460;1
加奶油咖啡（无糖）;Coffee with coffee cream, no sugar added;1;15;1;0,7;0,1;0,3;0,9;6,9;0,3
费南雪蛋糕;Cake financier;37;430;26;8;4;9,8;2,2;39;29,2
卡利莫乔（红葡萄酒兑可乐）;Calimocho (red wine mixed with cola);5;60;0;0;0;0;1;4,5;5,1
卡门贝尔奶酪（至少25%脂肪干物质）;Camembert, at least 25% fidm;0;180;10;6;0;22;20;600;0
卡门贝尔奶酪（至少50%脂肪干物质）;Camembert, at least 50% fidm;0;355;32;19;0;16,4;6,8;480;0
卡门贝尔奶酪（至少45%脂肪干物质）;Camembert, at least 45% fidm;0;300;24;14,2;0;21,2;20;890;0
肉馅意大利面卷（已烹制）;Cannelloni filled with meat, prepared;15;195;10;4,9;1,8;10,4;4,8;280;2,6
菠菜瑞可塔馅意大利面卷（已烹制）;Cannelloni filled with spinach and ricotta, prepared;15;225;14;7,7;1,7;8,7;11;320;1,8
卡布奇诺（无巧克力粉，无糖）;Cappuccino (without chocolate powder), no sugar added;3;40;2;1,3;0;1,8;5,1;21;2,5
卡普恩斯（已烹制）;Capuns, prepared;10;170;10;5,2;1;8,1;6,7;380;1,1
腰果;Cashew nut;27;595;45;7,8;3,6;18,2;10;9,2;5,9
瑞士塞维拉香肠;Cervelat (Swiss sausage);1;250;22;8,2;0;13,4;;840;0,5
蘑菇罐头;Mushroom, canned;1;20;0;0;2,5;2,3;18;340;0
炖蘑菇（无油无盐）;Mushroom, stewed (without addition of fat and salt);1;30;0;0;2,3;3,5;21;6;0,4
生蘑菇;Mushroom, raw;1;25;0;0;1,9;2,9;18;5,7;0,3
蒸菊苣（无盐）;Chicory, steamed (without addition of salt);1;15;0;0;2,6;1;1;3,5;0,6
生菊苣;Chicory, raw;1;15;0;0;2,5;1;1;4;0,6
香辣肉酱（已烹制）;Chili con carne, prepared;9;125;4;1,2;2,7;10,8;2,3;150;2,1
炖大白菜（无油无盐）;Chinese cabbage, stewed (without addition of fat and salt);1;20;0;0,1;2;1,2;0,3;17;1,2
生大白菜;Chinese cabbage, raw;1;20;0;0,1;1,9;1,1;0,3;19;1,2
茴香饼干;Chräbeli (aniseed cookie);75;370;3;0,7;2;8,5;6,8;60;40,5
红菊苣（生）;Radicchio red, raw;2;20;0;0;3;1,4;0;7;1,6
自制菜籽油蛋黄酱鸡尾酒酱;Cocktail sauce, home made with rapeseed mayonnaise;4;695;74;6,9;0,2;2,4;1,7;290;3,7
含糖可乐饮料;Cola beverage, sweetened;10;40;0;0;0;0;2;9;10
含甜味剂可乐饮料;Cola beverage, with sweetener;0;0;0;0;0;0;1;5;0
凉拌卷心菜沙拉（已制）;Coleslaw salad, prepared;4;120;10;1,8;2,1;1,7;5,1;74;4,1
意式风干猪颈肉;Coppa (cured pork meat);0;320;23;8,5;0;28,8;0;1520;0,3
炸小牛肉蓝带;Cordon bleu from veal schnitzel, fried;10;240;11;3,1;0,6;23,9;5,1;380;0,5
炸猪肉蓝带;Cordon bleu from pork schnitzel, fried;10;250;12;3,3;0,6;24,2;5,8;380;0,5
玉米片;Cornflakes;79;360;1;0,1;4;7,2;1;940;7,1
科泰基诺猪肉香肠;Cotechino (pork sausage);0;450;42;14;0;17,2;0;1740;0
科托熟肉制品;Cotto (meat product);1;95;3;1,2;0;15,7;;910;0,6
咸味饼干;Cracker, salty snacks;66;450;16;5,9;2,1;9,2;13;590;0
奶油千层酥;Cream slice;35;320;18;10,8;0,3;3,5;5,9;100;15,3
卡芒贝尔奶酪薄饼（已制）;Thin pancakes with camembert cheese, prepared;15;250;16;8,2;0,5;11,9;18;310;2,3
蘑菇薄饼（已制）;Thin pancakes with mushrooms, prepared;8;140;9;4,7;1,6;5,3;19;140;1,8
蔬菜薄饼（已制）;Thin pancakes with vegetable filling, prepared;14;165;9;4;1,6;6;12;94;4
能多益薄饼（已制）;Thin pancakes with Nutella, prepared;36;380;22;9;1,7;7,7;13;100;26,6
火腿薄饼（已制）;Thin pancakes with ham, prepared;13;195;10;4,7;0,5;12,8;13;400;2,2
培根薄饼（已制）;Thin pancakes with bacon, prepared;15;255;16;7,4;0,5;11,2;14;360;2,4
肉桂糖薄饼（已制）;Thin pancakes with sugar and cinnamon, prepared;29;260;12;5,7;0,7;8,2;16;130;14,9
原味薄饼（已制）;Thin pancakes, prepared;19;235;13;6,5;0,7;9,3;18;150;2,9
鸡尾酒虾（已制）;Shrimp cocktail, prepared;5;175;13;7,7;0,3;5,5;34;190;3,8
家乐氏蜜脆坚果玉米片;Crunchy Nut Honig & Erdnüsse (Kellogg's);82;405;5;0,9;2,5;6;;350;35
椰枣干;Date, dried;69;305;1;0;7,1;2,5;1;3;69
粗粒斯佩尔特小麦粉（1100型）;Spelt, flour Ruch (type 1100);65;350;2;0,3;5,7;14,3;;27;1,4
全麦斯佩尔特小麦粉（1900型）;Spelt, wholemeal flour (type 1900);60;350;3;0,4;9,4;15,6;;13;1,2
精白斯佩尔特小麦粉（550型）;Spelt, fine flour (type 550);69;350;2;0,3;2,8;13,3;;6,8;0,9
红花籽油;Safflower oil;0;810;90;8;0;0;0;0;0
巴氏杀菌奶油（至少45%乳脂）;Cream, at least 45 % milk fat, pasteurized;3;425;45;27;0;2,1;80;20;2,8
生鳕鱼;Cod, raw;0;80;0;0,1;0;18,1;160;53;0
牛奶焦糖酱;Dulce de Leche;53;300;7;4,4;0;5,9;17;69;52,6
生板栗;Chestnut, raw;42;200;2;0,3;1,4;2,9;0,1;0,6;5
生河鲈;Eurasian perch, raw;0;80;1;0,1;0;18;4;92;0
奶酪法式蛋饼（已制）;French omelette with cheese, prepared;1;195;15;6,4;0,1;13,8;27;370;1,2
火腿法式蛋饼（已制）;French omelette with ham, prepared;1;150;10;3,3;0,1;12,6;26;410;1,3
培根法式蛋饼（已制）;French omelette with bacon, prepared;1;185;14;5;0,1;12,3;25;270;1,3
原味法式蛋饼（已制）;French omelette, prepared;1;155;12;3,8;0;11,1;30;330;1,4
炖鸡油菌（无油无盐）;Chanterelle, stewed (without addition of fat and salt);0;30;1;0,1;5,7;2;3,5;3,2;0,2
生鸡油菌;Chanterelle, raw;0;25;1;0,1;4,7;1,6;3;3;0,2
生冰山生菜;Iceberg lettuce, raw;2;20;0;0;1,8;1;2;3,6;1,6
加糖冰茶;Ice Tea, sweetened;8;30;0;0;0;0;0,9;0;7,5
埃曼塔尔奶酪（至少45%脂肪干物质）;Emmentaler cheese, at least 45% fidm;0;415;33;20,3;0;29;20;170;0
生苦苣;Endive, raw;1;20;0;0;1,2;1,8;2,9;43;1,2
恩加丁坚果挞;Nut tart from Engadin;50;490;28;10,2;2;7;3,5;14;30,7
青豆罐头;Green peas, canned;13;90;1;0,1;5;4,8;5,2;260;0
加热青豆罐头（无盐）;Green peas (canned), heated (without addition of salt);14;95;1;0,1;5,3;5,1;5,3;230;0
蒸青豆（无盐）;Green pea, steamed (without addition of salt);14;105;1;0,1;6,9;6,9;4,6;1,9;6,3
生青豆;Green pea, raw;12;90;1;0,1;6;6;4,2;2;5,5
青豆胡萝卜罐头;Green peas and carrots, canned;10;70;1;0,1;4,5;3,8;3,2;410;5,8
加热青豆胡萝卜罐头（无盐）;Green peas and carrots (canned), heated (without addition of salt);10;75;1;0,1;4,8;4;3,2;370;6,2
新鲜草莓;Strawberry, fresh;7;40;1;0;2,2;0,7;1;2;7
花生;Peanut;11;600;49;11,6;7,6;26;3,2;18;4
花生泡芙;Peanut curls;57;510;24;4,4;4,9;13,2;5;770;0
烤花生;Peanut, roasted;9;595;49;9,2;8,2;25,3;13;9;3,6
花生酱;Peanut butter;12;640;54;10,7;7,6;22,6;0;350;6,4
花生油;Peanut oil;0;810;90;16,2;0;0;0;0;0
加奶精浓缩咖啡（无糖）;Espresso with coffee cream, no sugar added;1;30;3;1,5;0,1;0,5;1,9;14;0,6
醋;Vinegar;1;25;0;0;0;0,1;;7,7;0,3
油醋沙拉汁（菜籽油）;Vinegar-oil-salad dressing (with rapeseed oil);5;330;33;2,7;0,9;0,7;0,8;270;2,8
无花果干;Fig, dried;57;275;1;0,2;11;3,2;4;14;56,8
新鲜无花果;Fig, fresh;16;75;0;0;3;0,9;1,5;3;15,5
生白鲑鱼;Whitefish, raw;0;105;2,7;0,6;0;19,2;1,5;20;0
蒸茴香（无盐）;Fennel, steamed (without addition of salt);2;25;0;0;3,3;1,1;4,8;13;0,1
生茴香;Fennel, raw;2;25;0;0;3,3;1,1;5;15;0,1
生鱼（平均）;Fish (average), raw ;0;140;6;1,4;0;20,2;38;52;0
面包屑炸鱼条（菜籽油煎）;Fish fingers/sticks (breaded and pre deep fried), fried in HOLL rapeseed oil;17;310;19;1,5;0,9;17,6;96;230;0,1
烤箱烤面包屑炸鱼条（无油）;Fish fingers/sticks (breaded and pre deep fried), oven baked (without addition of fat);17;265;13;1,1;0,9;18,4;100;240;0,1
面包屑炸鱼条（半成品）;Fish fingers (sticks), breaded and pre deep fried;15;235;12;1;0,8;16,2;89;250;0,1
阿尔萨斯火焰薄饼（烘烤）;French pizza from Alsace, baked;23;270;15;7,1;1,4;9,3;4,5;400;2,4
生肉（平均，不含内脏）;Meat (average excluding offal), raw ;0;145;7;2,4;0;21,5;2,1;58;0
午餐肉;Luncheon meat;1;260;22;8,8;0;12,5;;900;1,4
肉馅千层面（已制）;Meat lasagne, prepared;13;160;7;3,2;1,6;9,7;4,8;370;2,7
生鲽鱼;Flounder, raw;0;75;1;0,1;0;16,5;6,3;150;0
无酒精奶酪火锅（已制）;Fondue without alcohol, prepared;2;285;22;13,6;0;19,4;17;120;1
奶酪火锅（已制）;Fondue, prepared;1;310;23;14,4;0;20,6;17;120;0,1
一半一半奶酪火锅（已制）;Fondue moitié-moitié, prepared;1;285;21;12,9;0;17,6;16;410;0
生鳟鱼;Trout, raw;0;130;7;1,7;0;16;14;40;0
无糖法式吐司;French toast unsweetened;25;225;10;5,1;1,2;8;11;360;1,7
弗里堡瓦什寒奶酪;Vacherin Fribourgeois;0;375;30;18,2;0;24;27;600;0
奶油奶酪（至少60%脂肪干物质）;Cream cheese, min. 60% fidm;5;340;32;19,2;0;7,9;8;500;2,3
熟水果（平均，无添加糖）;Fruits (average), cooked (without addition of sugar);13;65;0;0,1;2,9;0,6;1,4;3,7;13
水果干（平均）;Fruit (average), dried;58;280;1;0,2;10,7;2,8;4,2;12;53,6
生水果（平均）;Fruits, raw (average);12;60;0;0;2;0,7;1,2;2,7;11,3
稀释果汁（平均，60%果汁，无添加糖）;Fruit juice diluted (average, 60% juice - 40% water), no sugar added;7;35;0;0;0;0,2;0,9;1,5;7,1
果汁（平均，无添加糖）;Fruit juice (average), no sugar added;12;55;0;0;0;0,3;1,5;1,8;11,8
糖水水果沙拉（罐头）;Fruit salad, sweetened, canned;18;80;0;0;1,8;0,5;1,9;0,8;17,7
无糖水果沙拉（罐头）;Fruit salad, unsweetened, canned;11;55;0;0;2;0,5;2;0,9;11,3
水果挞/派（平均）;Fruit pie (average);17;155;8;4,3;3,2;2,9;2,9;95;7,7
酥皮水果挞/派（平均）;Fruit pie with puff pastry (average);15;140;7;3,8;2,4;2,6;3,1;94;7,6
蛋糕面团水果挞/派（平均）;Fruit pie with cake dough (average);17;130;5;2,6;2,6;3;3,2;100;7,6
甜酥皮底水果挞/派（平均）;Fruit pie with sweet short pastry base (average);19;200;11;6,4;4,6;3,2;2,5;92;8
五谷啤酒;Beer, five grain;2;40;0;0;0,2;0,6;0;1,4;2
煮虾;Shrimp, boiled;1;60;1;0,1;0;12;86;170;0
生虾;Shrimp, raw;1;60;1;0,1;0;11,4;91;190;0
生禽肉（平均，不含内脏）;Poultry (average excluding offal), raw;0;135;5;1,5;0;21,9;5,4;56;0
带皮禽肉（平均，生）;Poultry with skin (average), raw;0;155;8;2,4;0;20,7;9,2;53;0
去皮禽肉（平均，不含内脏，生）;Poultry without skin (average excluding offal), raw;0;115;3;0,8;0;22,9;2,2;58;0
禽肉里昂那香肠;Lyoner sausage (poultry);1;205;16;5,1;0;13,5;;920;0,9
生碎肉（平均，牛、小牛、猪、鸡）;Minced meat (average of beef, veal, pork, chicken), raw;0;145;6;2,4;0;21,6;1,5;48;0
生蔬菜（平均）;Vegetables (average), raw;4;30;0;0;2;1,3;2,6;15;3,5
焗烤蔬菜（烘烤）;Vegetable au gratin, baked;2;60;4;2;1,9;3;4,1;100;1,6
蔬菜千层面（已制）;Vegetable lasagne, prepared;12;135;7;4,1;1,1;4,8;5,7;460;2,6
大麦片;Barley flakes;66;330;2;0,3;10,3;7,9;1;3;2,4
全麦大麦片;Barley, wholemeal flakes;66;330;2;0,3;10,3;7,9;1;3;2
大麦烩饭（已煮）;Barley risotto, cooked;25;140;2;0,3;1,8;3,4;0,7;340;1,7
生碎肉（平均，牛、小牛、猪、禽）;Meat, chopped (average of beef, veal, pork, poultry), raw;0;120;3;1;0;21,9;1,4;53;0
谷物片（平均）;Cereal flakes (average);64;345;3;0,6;9;10,2;1,5;7,4;1,5
可颂面包（平均）;Croissant (average);40;410;23;13,4;2,7;8;34;850;2
沙布齐格香草奶酪;Schabziger (Swiss green cheese);0;135;1;0,3;0;32,3;0;1740;0
戈贡佐拉蓝纹奶酪;Gorgonzola;0;360;31;18,7;0;19,4;40;1450;0,1
新鲜葡萄柚;Grapefruit, fresh;6;30;0;0;1,3;0,7;1,3;1;5,9
格吕耶尔奶酪（至少45%脂肪干物质）;Greyerzer, at least 45% fidm;0;400;32;19,2;0;27;11;590;0
粗粒小麦粉布丁（部分脱脂奶，已制）;Semolina pudding, prepared (with partially skimmed milk);12;95;3;1,8;0,4;4,8;9,3;72;4,8
粗粒小麦粉布丁（全脂奶，已制）;Semolina pudding, prepared (with full fat milk);12;95;3;1,8;0,4;4,8;9,3;72;4,8
粗粒小麦粉切片（部分脱脂奶，已制）;Semolina slice, prepared (with partially skimmed milk);15;150;6;3,4;0,7;6,3;12;100;3,8
粗粒小麦粉切片（全脂奶，已制）;Semolina slice, prepared (with full fat milk);15;160;8;4,1;0,7;6,3;9,7;100;3,8
瑞士面包小人;Grittibänz (Swiss bread man);47;330;11;6,4;2,2;9,2;5;570;2,8
祖母式环形蛋糕;Ring cake grandmother style;33;460;32;13,2;3,1;8,3;8,4;140;27,1
匈牙利牛肉汤;Goulash soup;6;70;2;1;0,4;4,8;0,5;230;1,4
水果味软糖;Jelly babies with fruit essence;79;345;0;0;0;6,6;0;62;74,7
醋腌黄瓜;Cucumber, pickled;2;15;0;0;1;0,7;0;700;1,9
生黄瓜;Cucumber, raw;2;15;0;0;0,8;0,7;2,9;0,9;1,9
烘烤肉糕;Meat loaf, baked in the oven;8;200;11;3,1;0,6;17,1;4,8;890;0,9
菜籽油煎牛肉汉堡饼;Burger patty (beef), pan fried in HOLL rapeseed oil;6;205;11;3,2;0,7;20,4;6,7;300;1,5
燕麦粥（部分脱脂奶，已制）;Porridge, prepared (with partially skimmed milk);18;135;4;2,1;0,7;6,4;11;85;5,6
燕麦粥（全脂奶，已制）;Porridge, prepared (with full fat milk);16;150;6;3,2;1,9;6,4;12;89;5,7
燕麦片;Oat flakes;58;375;8;1;10,5;13,5;0,5;20;1
生燕麦麸;Oat bran, raw;51;370;7;1,3;15,4;17,3;0;4;0
低脂黄油（40%脂肪）;Butter, 40% fat;4;390;40;24,1;0;4;3,5;120;3,5
巴氏杀菌奶油（25%脂肪）;Cream, pasteurized, 25% fat;3;275;28;16,7;0;2,3;11;35;3,3
UHT 奶油;Cream, UHT;4;255;25;15,1;0;2,6;11;34;3,7
半白面包;Semi-white bread;46;240;1;0,1;3,7;9,4;1,1;680;0,4
全脂硬质和半硬质奶酪（平均）;Hard and semi hard cheese, full fat (average);0;400;32;19,5;0;27,2;15;460;0
硬糖;Hard caramels;95;385;0;0,2;0;0,5;0;25;95
硬质小麦粗粒粉;Durum wheat semolina;70;355;1;0,2;4;12,6;5,1;3;0
新鲜野兔;Hare, fresh;0;115;3;1;0;22;0,6;44;0
榛子;Hazelnut;7;645;60;4,2;9,7;15,2;6,5;0,9;4,3
榛子巧克力酱;Hazelnut-chocolate spread;56;550;33;12;2,9;5,8;7;45;54,8
榛子饼干;Hazelnut cookie;47;475;28;8;3,5;6,7;2;52;23,3
榛子蛋白脆饼;Hazelnut macaroon;36;535;37;2,6;6;11,4;5,3;80;33,8
坚果棒;Nut sticks;46;565;37;12,6;3,6;10,1;6;55;23
生白斑狗鱼;Pike, raw;0;85;1;0,2;0;18,4;8;75;0
甜酵母面团（黄油，生）;Yeast dough (with butter), sweet, raw;43;315;11;6,1;1,9;8,6;5,1;380;6,4
甜酵母面团（植物脂肪，生）;Yeast dough (with vegetable fat), sweet, raw;40;305;12;3,4;2;9,1;5,6;400;1,1
生蓝莓;Blueberry, raw;11;60;1;0;3;0,6;1;2;11,3
生大比目鱼;Halibut, raw;0;120;4;0,5;0;20,6;1;64;0
生覆盆子;Raspberry, raw;7;55;1;0;6,7;1,2;3;3;7
熟火腿;Ham, cooked;1;105;2;0,8;0;20,2;3,6;940;0,7
生鹿肉（平均）;Deer (average), raw;0;115;3;1,5;0;20,6;0,6;62;0
生鹿肉里脊;Deer, entrecôte, raw;0;115;2;1,2;0;23,1;7,8;53;0
去壳小米米;Millet, grain peeled;69;360;4;0,9;3,8;9,8;2,5;3;1,4
全麦小米片;Millet, wholemeal flakes;69;360;4;0,9;3,8;9,8;2,5;3;1,4
小米烩饭（已煮）;Millet risotto, cooked;25;145;3;0,5;1,6;3,6;1,3;350;1,5
荷兰酱;Hollandaise sauce;9;215;18;9;0,1;3;4,5;400;6,2
生接骨木果;Elderberry, raw;7;55;1;0;4;2,5;3;1;7,4
蜂蜜;Honey, from flowers;76;310;0;0;0;0,4;0,5;7;76
白兰瓜;Honeydew melon, raw;8;40;0;0;0,9;0,7;1;18;8
热狗（白面包，配番茄酱和芥末）;Hot Dog in white bread with ketchup and mustard;32;230;7;2,4;1,8;9,1;0,5;800;2,5
煮全蛋（硬煮）;Chicken egg, whole, hard boiled;0;160;11;2,9;0;13,2;34;150;0,3
生鸡蛋;Egg, raw;0;145;10;2,6;0;11,9;32;140;0,3
生蛋黄;Egg yolk, raw;0;350;32;9,4;0;16,5;12;50;0,2
生蛋白;Egg white, raw;0;45;0;0;0;10,5;6,8;160;0,3
煮熟豆类/荚果（平均，无油无盐）;Legumes/Pulses (average), cooked (without addition of fat and salt);16;140;3;0,3;5,3;9,7;1;2;1
干豆类/荚果（平均）;Legumes/Pulses, (average) dried;42;355;7;0,8;13,5;24,8;2,7;4,8;2,6
茅屋奶酪;Cottage cheese;2;105;5;2,7;0;12,7;20;320;2,2
即食土豆泥（水、黄油，已制）;Mashed potatoes, instant, prepared (with water and butter);12;85;3;1,6;0,8;2;1,2;220;1,8
猎人酱;Huntsman sauce;8;60;2;0,5;0,5;2,2;4;620;2,5
酸奶沙拉酱（无油）;Yogurt dressing (without oil);6;70;3;2;0,1;3,7;15;220;5,7
双歧杆菌原味酸奶;Yogurt Bifidus, plain;5;50;4;2,2;0;4,1;7,5;45;4,5
加糖酸奶（平均）;Yoghurt with added sugar (average);15;105;3;1,7;0,4;3,8;6,1;44;13,8
低脂风味酸奶（含甜味剂）;Yogurt flavored, low fat, with sweetener;7;50;0;0,1;0;4,7;6;45;7
低脂水果酸奶（含甜味剂）;Yogurt with fruit, low fat, with sweetener;7;50;0;0,1;0,9;4,7;6;45;7
草莓酸奶;Yogurt, strawberry;15;105;3;1,6;0,9;3,5;5,5;42;14,3
榛子酸奶;Yogurt, hazelnut;15;120;5;2,5;0,9;3,9;6,5;46;14
摩卡酸奶;Yogurt, mocca;14;100;3;1,9;0;3,8;6;42;13,2
有机摩卡酸奶;Yogurt, mocca, organic;13;100;3;;0;3,5;6;42;12,4
原味酸奶;Yogurt natural;5;70;4;2,2;0;4;16;49;4,5
低脂原味酸奶;Yogurt, low fat;6;40;0;0,1;0;4,3;9,5;60;5,5
巧克力酸奶;Yogurt, chocolate;17;120;4;2,4;0,8;4;6;44;15,5
香草酸奶;Yogurt, vanilla;14;100;3;1,8;0;3,8;6,5;45;13,1
生红加仑;Currant, red, raw;5;45;1;0;8,2;1,1;1;3;5
生黑加仑;Currant, black, raw;9;60;0;0;7;1,3;1;3;9
红加仑派（酥皮，烘烤）;Red currant pie, baked (with puff pastry);12;135;7;3,8;5,8;2,8;3,2;94;5,1
红加仑派（蛋糕面团，烘烤）;Red currant pie, baked (with cake dough);14;130;5;2,6;5,9;3,2;3,2;100;5,1
红加仑派（甜酥皮底，烘烤）;Red currant pie, baked (with sweet short pastry base);18;200;11;6,4;5,3;3,3;2,7;92;7,7
速溶咖啡粉;Coffee, instant, powder;43;255;0;0;19,1;11,2;20;58;3,6
黑咖啡（无糖）;Coffee, black, no sugar added;0;5;0;0;0,1;0,1;0,1;1,3;0
UHT 咖啡奶油;Coffee cream UHT;4;165;15;9;0;2,7;11;77;3,8
可可粉;Cocoa powder;11;410;25;14,4;32,7;19,8;2,8;17;2,2
生柿子;Kaki, raw;15;75;0;0;2,5;0,7;1;2;15,3
煮小牛胸肉（无油无盐）;Veal, breast, cooked (without addition of fat and salt);0;295;21;8,9;0;26,1;2,7;41;0
生小牛胸肉;Veal, breast, raw;0;205;15;6,2;0;18,3;1,9;64;0
生小牛腿肉片;Veal, round, schnitzel, raw;0;105;2;0,4;0;22,2;0,1;64;0
生小牛里脊;Veal, filet, raw;0;120;4;1,3;0;21,2;0,1;91;0
生碎小牛肉;Veal, minced, raw;0;105;2;1,2;0;20,5;1,9;57;0
生小牛肉丝;Veal, chopped, raw;0;100;1;0,5;0;22;1,9;51;0
生小牛膝;Veal, knuckle, raw;0;125;4;1,4;0;20,7;0,1;62;0
生小牛排;Veal, chop, raw;0;165;9;3,6;0;20,7;0,1;51;0
生小牛肝;Veal, liver, raw;5;135;4;1,3;0;19,6;4,3;68;0
生小牛胸腺;Veal, sweetbread, raw;0;100;3;1,3;0;17,2;4;83;0
生小牛肾;Veal, kidney, raw;1;115;5;2,2;0;15,8;4,2;180;0
生小牛里脊牛排;Veal, filet, steak, raw;0;115;2;1,1;0;22,8;3,5;44;0
生小牛圆肉;Veal, eye of round, raw;0;105;2;0,8;0;21,9;1,8;43;0
烤箱烤小牛肩肉（无油无盐）;Veal, shoulder, roast in oven (without addition of fat and salt);0;185;7;2,1;0;30,1;0,1;120;0
生小牛肩肉（烤用）;Veal, shoulder, roast, raw;0;125;5;1,4;0;20,2;0,1;91;0
生小牛肉块;Veal, ragout, raw;0;105;2;1,1;0;20;0,8;57;0
生小牛舌;Veal, tongue, raw;2;185;12;4,2;0;17,2;2,3;86;0
生小牛肉（平均，不含内脏、排骨）;Veal (average excluding offal, chop), raw;0;130;5;1,9;0;21,1;1,2;66;0
小牛肉香肠;Sausage, veal;1;230;19;7,9;0;12,5;;760;1,2
小牛肉皮卡塔（已制）;Veal piccata, prepared;6;225;12;3;0,3;23,3;12;340;0,1
菜籽油煎小牛肉排;Veal schnitzel, pan fried in rapeseed oil HOLL;0;200;9;1;0;28,2;0,3;390;0
小牛肉炖肉（带酱汁，已制）;Veal ragout with gravy, prepared;3;95;4;0,8;0,6;11,6;1;300;1,5
生鱿鱼;Squid, raw;2;85;1;0,2;0;16;20;160;0
生兔肉;Hare, meat, raw;0;150;8;2,5;0;20,5;0,6;45;0
生兔里脊;Hare, filet, raw;0;115;2;0,5;0;24,3;4,1;33;0
蒸胡萝卜（无盐）;Carrot, steamed (without addition of salt);7;45;0;0;2,9;0,9;1,7;25;7,1
生胡萝卜;Carrot, raw;7;40;0;0;2,6;0,8;1,6;28;6,4
胡萝卜汁;Carrot juice;7;35;0;0;0,9;0,7;15;35;4,8
蒸去皮土豆（无盐）;Potatoe, peeled, steamed (without addition of salt);16;80;0;0;2,1;2;3,9;2,8;0,7
生去皮土豆;Potato, peeled, raw;16;80;0;0;2,1;2;4;3;0,7
含奶粉和盐的土豆片（即食土豆泥）;Potato flakes, with milk powder and salt (instant mashed potatoes);66;370;5;3,1;4,7;11,3;6;1260;10,3
多菲内焗土豆（已制）;Potatoes au gratin dauphinois, prepared;11;130;8;4,6;1,3;2,6;6,4;130;2,4
萨瓦焗土豆（已制）;Potatoes au gratin savoyard, prepared;11;75;2;1,3;1,4;2,2;5;150;0,5
油醋汁土豆沙拉;Potato salad with oil and vinagre dressing;13;100;4;0,3;1,7;1,7;3,6;61;0,6
蛋黄酱酸奶汁土豆沙拉;Potato salad with mayonnaise yogurt dressing;13;85;2;0,4;1,6;1,8;4,1;70;0,7
土豆淀粉;Potato starch;83;340;0;0;0,1;0,6;1;8;0
奶油黄油土豆泥（已制）;Mashed potatoes, prepared (with cream and butter);13;140;8;5;1,7;2;4,2;55;1,1
部分脱脂奶黄油土豆泥（已制）;Mashed potatoes, prepared (with partially skimmed milk and butter);14;90;3;1,5;1,7;2,2;4,7;58;1,4
全脂奶黄油土豆泥（已制）;Mashed potatoes, prepared (with full fat milk and butter);14;95;3;1,6;1,7;2,2;4,8;58;1,4
盐水牛奶奶酪（牛奶）;Feta, cow milk;1;265;21;12,4;0;17,5;0;1500;1,4
盐水羊奶奶酪（绵羊/山羊奶）;Feta, ewe-/goat milk;2;245;19;12,1;0;17;0;1300;0
咸味奶酪蛋奶饼（酥皮，烘烤）;Savoury cheese quiche, baked (with puff pastry);12;305;22;12,4;0,5;14,4;12;370;1,2
咸味奶酪蛋奶饼（蛋糕面团，烘烤）;Savoury cheese quiche, baked (with cake dough);15;295;19;10,7;0,6;14,9;12;380;1,2
奶酪工坊黄油;Butter, cheese dairy;1;750;83;49,5;0;0,4;0;10;0,5
奶酪面包片（已制）;Cheese bread slices, prepared;26;275;12;6,2;2,3;14,8;15;540;1
皮塔饼烤肉串;Kebab in pita bread;9;105;4;0,9;1;7,6;3,4;160;2,5
蒸豌豆角（无盐）;Sugar pea, steamed (without addition of salt);11;80;0;0;5,7;4,6;4,3;3,9;5,7
生豌豆角;Sugar pea, raw;10;70;0;0;5;4;4;4;5
番茄酱;Ketchup;26;120;0;0,1;0,9;2;0,9;1120;24,8
煮鹰嘴豆（无油无盐）;Chickpea, cooked (without addition of fat and salt);18;135;2;0,2;6,2;7,4;0,2;3,2;1
干鹰嘴豆;Chickpea, dried;44;330;5;0,6;15,5;18,6;0,6;8,6;2,4
樱桃白兰地烈酒;Spirits, Kirsch, Cherry Schnaps;0;245;0;0;0;0;0;0;0
炖樱桃（沥干，无添加糖）;Cherry, stewed, drained (without addition of sugar);18;90;1;0,1;2;1,5;1,2;3,4;17,6
生樱桃;Cherry, raw;15;75;1;0,1;1,7;1,3;1;3;15,3
樱桃派（酥皮，烘烤）;Cherry pie, baked (with puff pastry);19;155;7;3,9;1,4;3;3,2;94;12
樱桃派（蛋糕面团，烘烤）;Cherry pie, baked (with cake dough);21;150;5;2,6;1,6;3,4;3,2;100;12
生猕猴桃;Kiwi fruit, raw;10;55;1;0;2,5;1,1;1;4;9,8
全麦脆饼;Crispbread, wholemeal;62;330;2;0,2;10;10,4;41;590;0,8
亚麻籽全麦脆饼;Crispbread, wholemeal, with linseeds;56;340;5;0,5;12,9;11,8;42;600;0,8
芝麻全麦脆饼;Crispbread, wholemeal, with sesame;57;355;7;0,9;10,1;11,3;42;590;1,2
生大蒜;Garlic, raw;25;140;1;0,1;3;7;2,7;10;2,4
蒸块根芹;Celeriac, steamed;3;30;0;0;5,3;1,6;2,5;85;2
生块根芹;Celeriac, raw;2;30;0;0;5;1,5;2,5;100;1,9
面疙瘩粉;Spätzle flour;71;350;1;0,2;3,8;12,4;4,2;2,7;0,1
烹饪黄油;Cooking butter;1;745;82;49,3;0;0,5;0;10;0,6
熟腌肉（平均）;Cooked cured meat (average);1;225;16;6;0;19,8;1,9;1130;0,7
加碘食盐;Table salt iodized;0;0;0;;0;0;2500;39200;
加碘和氟食盐;Table salt iodized and fluoridized;0;0;0;;0;0;2500;39900;
无碘无氟食盐;Table salt without iodine and fluoride;0;0;0;;0;0;20;39900;
烹饪用培根;Bacon for cooking;1;325;28;10,6;0;17,8;1,1;1130;0,6
熟香肠（平均）;Cooked sausages (average);1;315;27;10;0,1;15,8;3,9;1030;1,1
煮熟的十字花科蔬菜（平均，无油无盐）;Cabbage vegetables (average), boiled (without addition of salt and fat);3;30;0;0;2,7;2,2;3;10;2,9
生十字花科蔬菜（平均）;Cabbage vegetables (average), raw;3;30;0;0;2,7;2,2;3,2;12;2,9
蒸苤蓝（无盐）;Kohlrabi, steamed (without addition of salt);4;30;0;0;1,6;2,1;0,7;19;4
生苤蓝;Kohlrabi, raw;4;30;0;0;1,4;1,9;0,7;20;3,6
椰子脂肪;Coconut fat;0;895;99;85,9;0;0,8;0;2;0
椰子蛋白脆饼;Coco macaroon;36;555;40;35;12,7;5,9;3,2;100;35,8
椰子;Coconut;16;500;42;37;9,5;8,9;0,8;6;5
椰子干（椰蓉）;Coconut, dried (coco flakes);6;660;63;54,8;20;6,2;3;33;6,4
甜炼乳;Condensed milk, sweetened;54;340;10;6;0;8;18;120;54,3
淡炼乳;Condensed milk, unsweetened;10;135;8;4,5;0;6,5;15;100;9,7
果酱;Jam;59;250;1;0;2,2;0,5;1;12;58,7
低能量果酱（含甜味剂）;Jam, low calorie, with sweetener;32;140;1;0;0,8;0,5;2;20;31,9
生奶油生菜;Butterhead lettuce, raw;1;15;0;0;1,6;1,2;3,3;2,3;1
肉排（平均，小牛、猪、羊）;Chop (average of veal, pork, lamb), raw;0;180;10;3,9;0;21,3;1;45;0
生甲壳类（平均）;Shellfish (average), raw;1;75;1;0,2;0;15,5;170;260;0
生蛋糕面团（黄油）;Cake dough (with butter), raw;39;330;16;9,3;1,8;6,8;0,6;370;0,3
生蛋糕面团（植物脂肪）;Cake dough (with vegetable fat), raw;39;325;16;4,3;1,8;6,8;0,9;380;0,2
南瓜皮卡塔（已制）;Pumpkin piccata, prepared;9;165;12;4,6;1,1;4,7;8,1;260;3,9
南瓜籽;Pumpkin seeds;5;605;49;8,7;6;32,6;12;9,9;1,4
面包糠南瓜片（已制）;Squash slices, breaded, prepared;17;140;6;0,7;1,7;4,4;4,9;290;4,1
烟熏三文鱼;Salmon, smoked;0;170;8;1,8;0;23,2;56;1660;0
野生三文鱼（生）;Salmon, wild, raw;0;185;12;1,8;0;19,7;53;63;0
养殖三文鱼（生）;Salmon, cultured, raw;0;200;13;2,2;0;19,9;44;57;0
生羊里脊;Lamb (sheep), filet, raw;0;115;3;1,3;0;20,4;0,7;68;0
生羊腿（瑞士/新西兰产）;Lamb (sheep), leg, raw (Switzerland, New Zealand);0;155;8;4,4;0;20,2;0,8;61;0
生羊排（瑞士产）;Lamb (sheep), cutlet, raw (Switzerland);0;180;11;5,2;0;20,2;0,9;69;0
生羊里脊（澳大利亚/新西兰产）;Lamb (sheep), filet, raw (Australia, New Zealand);0;120;3;1,9;0;21,8;0,8;44;0
生羊肋排（澳大利亚/新西兰产）;Lamb (sheep), racks, raw (Australia, New Zealand);0;160;8;4,3;0;20,3;0,9;63;0
生羊肉块（瑞士产）;Lamb, ragout, raw (Switzerland);0;155;8;4,3;0;19,6;0,7;60;0
生羊肉（平均，不含内脏、排骨）;Lamb (average excluding offal, chop), raw;0;135;6;3;0;20,5;0,8;58;0
羊肉炖肉（带酱汁，已制）;Lamb ragout with sauce, prepared;3;125;7;2,6;0,6;11,7;0,9;310;1,6
山地香肠;Landjäger sausage;0;495;43;16,9;0;26,6;;1410;0
拿铁玛奇朵（无糖）;Latte macchiato, no sugar added;3;50;3;1,7;0;2,3;6,5;27;3,2
生罗马生菜;Romaine lettuce (cos lettuce);1;20;0;0;1,5;1,2;3,3;8;1,3
炖韭葱（无油无盐）;Leek, stewed (without addition of fat and salt);4;35;0;0;3,2;1,8;9,7;14;3,9
生韭葱;Leek, raw;4;30;0;0;2,8;1,6;8,6;12;3,5
碱水面包卷;Lye roll;48;280;5;0,8;2,4;8,8;41;610;2,3
碱水面包条（干）;Pretzel sticks (dry lye pretzel);72;360;4;1;0,7;8,6;0;1710;0,5
碱水可颂;Croissant, pretzel;39;420;25;14,6;2;8,7;100;1630;1,4
生肝脏（平均，牛、小牛、猪、禽）;Liver (average of beef, veal, pork, poultry), raw;3;230;16;6,8;0,1;17,8;6,3;73;0,5
肝肠;Liver sausage;1;295;23;8,7;0,2;20,8;4,3;860;0,4
姜饼;Lebkuchen;62;405;14;1,4;4,2;6,5;2,2;120;41,2
巧克力涂层姜饼;Lebkuchen, chocolate covered;60;445;19;6,8;3,5;6,5;6,6;140;45,4
亚麻籽;Linseed;11;475;34;2,9;27,3;17,9;10;40;1,6
柠檬酱;Lemon Curd;38;320;16;7,9;0,1;6;15;72;37,5
林堡奶酪;Limburger (Münster) cheese;0;275;21;12,8;0;20,4;20;760;0
风味软饮料（加糖）;Soft drink, with flavor, sweetened;10;40;0;0;0;0;1,8;3;9,5
煮扁豆（无油无盐）;Lentil, cooked (without addition of fat and salt);19;125;0;0,1;4,1;8,8;0,3;1,3;0,4
干扁豆;Lentil, dried;50;335;1;0,2;11,2;24;0,7;2,5;1
林茨派（覆盆子果酱夹心）;Linzertorte (Pastry base covered with raspberry sweetmeat);44;425;24;9,2;3,7;7,5;3,1;70;25,9
手指饼干;Ladyfinger cookie;72;415;8;2,4;1,4;12,2;8;310;34,9
卢加尼加香肠;Luganighe;1;460;43;16;0;17,1;1,1;980;0,5
里昂那香肠;Lyoner sausage;1;245;22;8,2;0;11,5;;850;0,5
玛德琳蛋糕;Madeleine biscuit;52;350;12;6,2;1,4;7,5;7,4;130;22,3
UHT 脱脂牛奶;Cow milk, skimmed, UHT;5;35;0;0;0;3,4;2,8;39;4,7
脱脂奶粉;Skimmed milk powder;52;360;1;0,5;0;35,5;75;550;51,5
米兰式黄油甜饼干;Milanese cookie, butter, sweet;53;435;21;11,6;1,4;7,1;3,6;46;22,5
玉米片;Tortilla chips, corn-based;56;510;27;6,6;4,4;7,8;0;970;2,4
蒸甜玉米（无盐）;Sweet corn, steamed;18;105;1;0,2;3,2;3,8;3,6;0,3;3,9
生甜玉米;Sweet corn, raw;16;95;1;0,2;2,8;3,3;3,3;0,3;3,4
煮玉米粗粉;Corn semolina, cooked;17;80;0;0;1,1;2;0,7;230;0,3
干玉米粗粉;Corn semolina, dried;74;350;1;0,1;5;8,8;2,5;1;1,5
玉米胚芽油;Corn germ oil;0;810;90;11,1;0;0;0;0;0
醋渍玉米笋;Sweet corn cob, pickled;21;120;1;0,2;4,2;3,4;0;17;2
玉米淀粉;Maize starch;88;355;0;0;0,6;0,3;2,5;6;0
新鲜柑橘;Mandarin, fresh;10;50;0;0;1,4;0,7;0,8;3;10
杏仁;Almond;4;580;50;3,8;13;21,2;2;1,3;3,9
烤杏仁（加盐）;Almond, roasted, salted;7;635;55;4,2;10,5;21,2;2,4;330;4,6
干烤杏仁（无油，加盐）;Almond, dry roasted, salted;10;620;52;4;10,9;22,1;2,4;340;4,9
新鲜芒果;Mango, fresh;13;65;0;0;2,3;0,6;1;2;13,1
蒸瑞士甜菜（无盐）;Swiss chard, steamed (without addition of salt);4;35;0;0;1,3;2,8;1,2;190;0,7
生瑞士甜菜;Swiss chard, raw;3;25;0;0;1;2,1;1;170;0,5
人造黄油;Margarine;1;725;80;22,3;0;0,5;1,5;67;0
大理石蛋糕;Marble cake;43;360;17;9,4;1,3;7,3;8,8;60;19,7
杏仁蛋白软糖;Marzipan;69;470;18;1,5;4,9;6,1;0,7;2;68,6
马斯卡彭奶酪;Soft cheese, Mascarpone;0;455;47;29,2;0;7,6;29;86;0
蛋黄酱;Mayonnaise;1;745;82;12,1;0;1,1;6;410;0,5
低热量蛋黄酱;Mayonnaise, low calorie;3;330;35;4,6;0;0,9;5,3;280;0
自制菜籽油蛋黄酱;Mayonnaise, home made with rapeseed oil;0;795;87;8;0;2,4;1,8;150;0,2
面粉（平均）;Flour (average);68;345;1;0,3;4,7;12,4;1;3,5;0,4
白面粉和半白面粉（平均）;Flour, white and semi-white (average);69;345;1;0,3;3,8;12,2;0,8;2,1;0,4
蘑菇馅面粉蛋饼（已制）;Flour omelette filled with mushrooms, prepared;11;125;6;3,1;1,5;5,3;16;220;1,3
蔬菜馅面粉蛋饼（已制）;Flour omelette filled with vegetables, prepared;16;140;5;1,8;1,4;5,7;9,8;230;2,6
奶酪面粉蛋饼（已制）;Flour omelette with cheese, prepared;18;200;9;4,4;0,8;10;12;360;1,3
能多益面粉蛋饼（已制）;Flour omelette with Nutella, prepared;29;260;12;4,7;1,4;7,1;11;250;14,4
火腿面粉蛋饼（已制）;Flour omelette with ham, prepared;17;160;5;2,1;0,8;9,8;11;410;1,4
培根面粉蛋饼（已制）;Flour omelette with bacon, prepared;17;195;10;3,7;0,8;9,3;10;430;1,3
肉桂糖面粉蛋饼（已制）;Flour omelette with sugar and cinnamon, prepared;25;180;6;2,2;0,9;7,1;11;300;6,5
原味面粉蛋饼（已制）;Flour omelette, prepared;20;170;6;2,3;0,9;7,5;12;320;1,4
糖浆;Molasses;67;275;0;0;0;1,2;0;96;67,2
蛋白脆饼;Meringue, biscuit;94;400;1;0;0;5;0;100;94
生蓝贻贝;Molluscs, blue mussel, raw;3;85;3;0,5;0;11,7;130;290;0
牛奶（平均）;Milk (average);5;65;3;2;0;3,3;8,5;39;4,6
少奶白咖啡（无糖）;Flat white (little milk), no sugar added;1;20;1;0,5;0,1;0,8;2,1;9,2;1
多奶白咖啡（无糖）;Flat white (much milk), no sugar added;2;25;1;0,8;0,1;1,1;2,9;13;1,4
白咖啡（无糖）;Flat white, no sugar added;1;20;1;0,7;0,1;1;2,6;11;1,2
大米布丁（部分脱脂奶，已制）;Rice pudding, prepared (with partially skimmed milk);20;135;4;2,1;0,2;5,4;10;86;5,6
大米布丁（全脂奶，已制）;Rice pudding, prepared (with full fat milk);20;145;5;3,1;0,2;5,2;11;87;5,6
牛奶巧克力;Milk chocolate;57;540;31;19,3;1,9;6,5;17;180;55,2
酒精夹心牛奶巧克力;Milk chocolate, filled with alcohol;59;490;23;13,3;2,9;5,4;4,5;55;58,3
奶油夹心牛奶巧克力（吉安杜佳、牛轧糖）;Milk chocolate, filled with cream (gianduja, nougat);47;575;39;18,2;3,6;6,9;4,6;50;46,4
杏仁蜂蜜牛轧糖牛奶巧克力;Milk chocolate with almond, honey, nougat;55;535;31;17,7;1,9;7;7,1;86;54,3
坚果牛奶巧克力;Milk chocolate with nuts;46;570;38;16,3;3,2;8,4;7,6;73;44,7
葡萄干坚果杏仁牛奶巧克力;Milk chocolate with raisins, nuts, almonds;51;515;30;14,2;4,7;7,5;5,2;62;50,1
意式蔬菜浓汤;Minestrone;7;55;2;0,7;0,4;2;0;390;2,6
迷你小香肠;Minipic sausage;1;460;39;15,4;0;26,1;;1780;0,8
煮黄李子（沥干，无添加糖）;Mirabelle plum, stewed, drained (without addition of sugar);14;65;0;0;2,6;0,8;1,2;0;13,8
新鲜黄李子;Yellow plum, fresh;12;60;0;0;2,3;0,7;1;0;12
油炸肉馅橄榄;Olives stuffed with minced meat, deep-fried;32;320;14;2,7;3,3;14,1;6,8;790;1,6
甜乳清;Sweet whey;5;25;0;0,1;0;0,8;8;45;4,7
炖羊肚菌（无油无盐）;Morel, stewed (without addition of fat and salt);1;35;0;0,1;8,5;2,1;12;2,1;0,1
新鲜羊肚菌;Morel, fresh;1;30;0;0,1;7;1,7;10;2;0,1
莫塔泰拉香肠;Mortadella;1;305;27;9,9;0;15,7;1,5;840;0,8
莫斯特布罗克利（烟熏风干牛肉，生）;Mostbröckli (smoked and dried beef), raw;1;150;2;0,9;0;32,6;0;1860;0,5
马苏里拉奶酪;Mozzarella;1;255;20;11,4;0;18,7;4,8;140;0,7
甜酥皮底（黄油，生）;Short pastry base (with butter), sweet, raw;46;425;23;13;1,6;7,8;4,6;280;10,5
甜酥皮底（植物脂肪，生）;Short pastry base (with vegetable fat), sweet, raw;46;420;22;6,2;1,6;7,8;21;290;10,4
白面包卷;Bread roll, white;52;255;1;0,2;2,5;8,7;0,8;690;0,7
印尼炒饭（已制）;Nasi Goreng, prepared;16;130;2;0,4;0,5;11;1,3;510;0,7
新鲜油桃;Nectarine, fresh;10;55;0;0;2,2;0,9;1;4;10,2
坚果馅可颂（酥皮）;Croissant filled with nuts, puff pastry;36;420;27;10;2,6;6,6;1,8;210;13,8
坚果馅可颂（酵母面团）;Croissant filled with nuts, yeast dough;42;315;13;3,4;2,6;7,5;2,4;260;8,3
生羊莴苣;Lamb's lettuce, raw;2;25;0;0,1;1,7;2;35;4;2
坚果卷（酵母面团）;Nut roll with yeast dough;54;445;19;5,7;3,8;12;4;470;13,1
烤箱冷冻薯条;French fries for oven, deep-frozen;18;130;5;0,3;1,3;1,8;2,9;8,6;1
绿橄榄;Olive, green;0;130;13;1,8;4;1,3;0;1610;0
黑橄榄;Olive, black;3;150;14;1,4;4,3;0,9;0;3290;
橄榄油;Olive oil;0;810;90;11,7;0;0;0;0,9;0
新鲜橙子;Orange, fresh;9;45;0;0;1,8;1;0,9;4;8,6
橙子花蜜;Orange nectar;11;45;0;0;0,1;0,4;2;1;10,5
橙汁;Orange juice;11;55;1;0;0,1;0,5;2,1;1;11,1
维生素C强化橙汁;Orange juice, fortified with vitamin C;12;55;1;0;0,1;0,5;2,1;1;12
棕榈油;Palm oil, palm fat;0;800;89;41,3;0;0;0;0,9;0
意式培根;Pancetta;0;470;43;14,4;0;19,5;0;1850;0
潘妮托尼面包;Panettone;57;355;11;5,6;2,8;6,4;;38;22,9
面包屑;Breadcrumbs;72;370;2;0,3;4,5;14,2;2,8;760;2,8
潘特利牛肉猪肉香肠;Pantli, beef and pork sausage;1;540;50;19,6;0;21,1;0,8;1600;0,9
红椒粉;Paprika (spice);35;360;13;2,1;20,9;14,8;5;34;33,2
巴西坚果;Brazil nut;3;695;67;15,6;7;16,6;2,5;0,7;2,3
法棍面包;Baguette;51;255;1;0,1;2,9;9;0,9;660;0,5
帕尔玛奶酪;Parmesan cheese;0;375;26;15,4;0;36;40;450;0
新鲜百香果;Passion fruit, fresh;12;95;1;0,1;10,6;2,2;1,3;28;11,2
乡村肉酱;Pâté de campagne;1;395;37;13,6;0,1;13,2;4,7;880;0,8
炖青椒（无油无盐）;Bell pepper, green, stewed (without addition of fat and salt);3;30;0;0;2,6;1;2,6;7,9;3,3
生青椒;Bell pepper, green, raw;3;20;0;0;2;0,8;2;6;2,5
炖红椒（无油无盐）;Bell pepper, red, stewed (without addition of fat and salt);7;45;1;0,1;2,6;1,2;1,3;4;6,7
生红椒;Bell pepper, red, raw;5;35;0;0,1;2;0,9;1;3;5,1
新鲜欧芹;Parsley, fresh;7;60;1;0,1;4,3;3,9;3,4;38;4,8
新鲜薄荷;Peppermint, fresh;5;50;1;0,1;3;3,8;4;15;5,2
生马肉;Horse, filet, raw;0;105;2;0,8;0;21,4;1;44;0
马肉炖肉（带酱汁，已制）;Horse ragout with sauce, prepared;3;95;3;0,6;0,6;12,7;1,1;300;1,6
糖水桃（罐头）;Peach, sweetened, canned;19;85;0;0;1,8;0,4;2,6;0,5;19
新鲜桃;Peach, fresh;10;50;0;0;2;0,5;2,9;1;10
无糖桃（罐头）;Peach, unsweetened, canned;10;50;0;0;2;0,5;2,9;0,6;10
炖李子（沥干，无添加糖）;Plum, stewed, drained (without addition of sugar);13;60;0;0;2;0,7;1,7;2,1;10,9
西梅干;Prune, dried;40;205;0;0;16;2,5;0,8;12;39,8
新鲜李子;Plum, fresh;10;50;0;0;1,6;0,6;1,4;1,7;8,8
李子派（酥皮，烘烤）;Plum pie, baked (with puff pastry);16;140;7;3,8;1,4;2,5;3,4;93;7,7
李子派（蛋糕面团，烘烤）;Plum pie, baked (with cake dough);18;130;5;2,6;1,5;2,9;3,5;100;7,7
炖蘑菇（平均，无油无盐）;Mushroom (average), stewed (without addition of fat and salt);1;35;1;0,1;6;2,9;10;5,1;0,2
生蘑菇（平均）;Mushroom (average), raw;1;25;0;0,1;4,9;2,4;8,6;4,2;0,2
蘑菇烩饭（已煮）;Mushroom risotto, cooked;19;130;4;1,6;1,6;4;3,3;210;0,6
浓汁蘑菇酱;Mushroom sauce, thickened;8;85;4;1,6;0,7;3,6;2,8;330;5
蘑菇汤;Mushroom soup;6;40;1;0,5;0,5;1,1;4,9;370;2
松仁;Pine nuts;14;595;45;4,9;3,7;31,6;0,2;4,6;5,2
开心果干;Pistachio, dried;18;580;45;5,6;10;20,3;11;9;7,7
金枪鱼披萨（烘烤）;Pizza with tuna, baked;27;230;8;3,1;1,5;12,2;1,9;300;1,3
卡佐内披萨（烘烤）;Pizza Calzone, baked;27;230;8;3,1;1,5;11,5;2,3;360;1,4
夏威夷披萨（烘烤）;Pizza Hawaii, baked;24;195;6;2,6;1,5;9,5;1,9;300;3,5
玛格丽特披萨（烘烤）;Pizza Margherita, baked;30;240;8;3,4;1,7;9,9;2,1;280;1,5
蔬菜披萨（烘烤）;Pizza with vegetables, baked;17;125;3;1,2;1,9;5,6;6,1;140;1,8
马斯卡彭芝麻菜披萨（烘烤）;Pizza with mascarpone and rocket, baked;27;240;10;4,5;1,6;9,6;3,3;270;1,5
火腿蘑菇披萨（烘烤）;Pizza with ham and mushrooms, baked;24;205;7;2,8;1,6;10,6;4,2;320;1,3
火腿披萨（烘烤）;Pizza with ham, baked;29;220;7;2,3;1,6;10,6;2,1;380;1,5
四芝士披萨（烘烤）;Pizza with four cheeses, baked;37;300;10;4,8;1,8;12,9;6,7;430;0,2
生披萨面团（橄榄油）;Pizza doug ( with olive oil), raw;41;230;4;0,6;2;7;0,5;290;0,2
肉排（平均，牛、小牛、猪、禽）;Escalope (average of beef, veal, pork, poultry), raw;0;115;3;0,9;0;22,2;1,3;58;0
黑玉米粥（玉米粗粉/荞麦粉，已煮）;Polenta nera (made from corn semolina and buckwheat flour,) cooked;13;105;3;1,9;1;4,6;3,4;460;0,2
薯片;Pommes Chips;49;540;35;2,4;3,6;4,9;8;500;2,6
低脂薯片;Potato chips fat reduced;59;470;22;2,3;4,4;5,9;9,6;480;3,1
烤箱烤薯条（无盐）;French fries (baked in the oven), unsalted;33;230;9;0,5;2,4;3,3;5,3;16;1,8
高油酸葵花籽油炸薯条（无盐）;French fries (deep fried in HO sunflower oil), unsalted;33;285;15;1;2,4;3,2;5,1;15;1,7
爆米花;Popcorn;63;370;4;0,6;15;12;0;4;1,2
波特酒（18.5 vol%）;Port, 18.5 vol%;12;155;0;0;0;0,2;10;9;12
鸡胸肉（带皮，生，法国产）;Chicken, breast, with skin, raw (France);0;130;3;1,2;0;24;10;39;0
鸡胸肉（带皮，生，瑞士产）;Chicken, breast, with skin, raw (Switzerland);0;155;7;2,2;0;23,3;10;34;0
鸡胸肉（去皮，生，法国产）;Chicken, breast, without skin, raw (France);0;110;1;0,3;0;25,2;0,6;31;0
鸡胸肉（去皮，生，瑞士产）;Chicken, breast, without skin, raw (Switzerland);0;110;1;0,3;0;24,6;0,9;36;0
鸡胸肉（切块，生）;Chicken, breast (cut), raw;0;105;1;0,4;0;23,1;0,4;72;0
整鸡（带皮，生）;Chicken, whole, with skin, raw;0;170;10;2,8;0;18,8;10;70;0
鸡腿（带皮，生）;Chicken, leg, with skin, raw;0;185;13;3,5;0;17,6;0,4;95;0
鸡腿（带皮，生，法国产）;Chicken, leg, with skin, raw (France);0;145;8;2,4;0;19,4;8;57;0
鸡腿（带皮，生，瑞士产）;Chicken, leg, with skin, raw (Switzerland);0;165;10;3,2;0;17,9;8;63;0
鸡腿（去皮，生，法国产）;Chicken, leg, without skin, raw (France);0;125;4;1,3;0;20,6;5;72;0
鸡腿（去皮，生，瑞士产）;Chicken, leg, without skin, raw (Switzerland);0;135;6;2;0;19,7;5;76;0
新鲜蔓越莓;Cranberry, fresh;7;40;1;0;2,9;0,3;5;2;7
普鲁士饼干;Prussian cookie;54;440;22;13,2;1,2;4,7;0,5;310;27,4
焦糖布丁;Pudding, caramel;23;125;2;1,4;0,1;3,4;6,2;70;20,1
巧克力布丁;Pudding, chocolate;21;125;3;0,4;1;3;3,2;130;12,1
香草布丁;Pudding, vanilla;18;105;2;0,3;0,1;2,8;5,9;140;10,4
凝乳（至少20%脂肪干物质）;Curds min. 20% fidm;4;100;5;3;0;9,6;21;32;3,4
脱脂凝乳（至多10%脂肪干物质）;Curds with at most 10% fidm;4;65;0;0,1;0;10,8;27;33;3,5
高脂凝乳（至少40%脂肪干物质）;Curds min. 40% fidm;4;185;16;9,4;0;7;8,5;29;3,2
凝乳酥皮（黄油，生）;Curd cheese puff pastry (with butter), raw;29;405;28;16,8;1,3;7,1;3,2;330;1,3
凝乳酥皮（植物脂肪，生）;Curd cheese puff pastry (with vegetable fat), raw;29;400;28;9,3;1,3;7,1;3,6;340;1,1
洛林咸派（酥皮，烘烤）;Quiche Lorraine, baked (with puff pastry);12;305;25;13;0,4;8,5;9,8;460;1,6
洛林咸派（蛋糕面团，烘烤）;Quiche Lorraine, baked (with cake dough);15;295;22;11,2;0,6;9;9,8;480;1,6
煮温桲（沥干，无添加糖）;Quince, cooked, drained (without addition of sugar);8;55;0;0;8;0,4;1,2;3,8;7,9
新鲜温桲;Quince, fresh;6;45;0;0;6,4;0,3;1;3;6,3
拉克莱特奶酪;Raclette cheese;0;360;28;16,7;0;26,4;11;730;0
生小红萝卜;Radish, red, raw;2;20;0;0;1,6;1;1,2;21;2,1
奶油（平均）;Cream (average);3;255;25;15,2;0;2,4;9,9;48;3,4
水果奶油冰淇淋;Ice cream, dairy, fruit;25;185;8;5;0;3,5;0;61;23,7
太妃糖;Candy, toffee;79;355;4;2,2;0;0,4;1,1;120;79,3
蒸甜菜根（无盐）;Beetroot, steamed (without addition of salt);11;60;0;0;3,1;1,9;0,5;58;10,5
生甜菜根;Beetroot, raw;8;50;0;0;2,5;1,5;0,4;58;8,4
菜籽油;Rapeseed oil;0;810;90;7,2;0;0;0;0;0
高油酸低亚麻酸菜籽油;Rapeseed oil HOLL (high oleic, low linolenic);0;810;90;6,3;0;0;;;0
普罗旺斯炖菜（已制）;Ratatouille, prepared;5;50;2;0,3;2,1;1,5;1,8;180;4,3
烟熏萨拉米;Smoked salami;1;515;47;17,9;0;21,4;0,8;1590;0,9
瑞布罗申奶酪;Reblochon cheese;0;310;25;15,1;0;20,3;0;800;0
生狍子肉（平均）;Roe (deer), raw;0;125;4;1,6;0;22,4;0,6;84;0
生狍子肉块;Roe (deer), ragout, raw;0;105;2;0,5;0;22;0,8;45;0
生狍子肉排;Roe (deer), schnitzel, raw;0;105;2;0,7;0;22,5;0,8;44;0
擦碎的奶酪;Cheese grated;0;400;29;17,7;0;32,3;40;580;0
盐水煮半熟米（无碘盐）;Rice parboiled, cooked in salted water (uniodised);27;120;0;0,1;0,5;2,4;1;540;0
半熟米（生）;Rice parboiled, raw;78;350;1;0,2;1,4;6,9;2;3;0
盐水煮精白米（无碘盐）;Rice polished, cooked in salted water (uniodised);26;115;0;0,1;0,5;2,2;0,9;530;0
精白米（生）;Rice polished, raw;78;350;1;0,2;1,4;6,6;2;5;0
盐水煮糙米（无碘盐）;Rice unpolished, cooked in salted water (uniodised);28;135;1;0,2;1,1;2,8;1,1;610;0,5
糙米（生）;Rice unpolished (wholemeal), raw;74;360;3;0,5;3;7,5;2,2;6;1,2
生萝卜;Radish, raw;3;20;0;0;1,2;0,6;1,2;12;2,6
生大黄;Rhubarb, raw;1;15;0;0;2,5;0,6;2,3;3;1
大黄派（酥皮，烘烤）;Rhubarb pie, baked (with puff pastry);9;115;7;3,8;2;2,5;4;94;2,5
大黄派（蛋糕面团，烘烤）;Rhubarb pie, baked (with cake dough);12;105;5;2,6;2,1;2,9;4,1;100;2,5
蒸冬南瓜（无盐）;Winter squash, steamed (without addition of salt);5;25;0;0;1;0,6;0,2;0,8;3,9
生冬南瓜;Winter squash, raw;5;25;0;0;1;0,6;0,2;1;3,9
煮牛胸肉（无油无盐）;Beef, breast, cooked (without addition of fat and salt);0;315;21;9;0;31,5;0,5;36;0
生牛胸肉;Beef, breast, raw;0;190;13;5,4;0;18,9;0,3;48;0
生牛腿肉片;Beef, round, schnitzel, raw;0;115;2;1,1;0;22,6;3;50;0
生牛肋眼肉牛排;Beef, entrecôte, steak, raw;0;140;5;2,1;0;22,3;0,1;55;0
生牛肋眼肉牛排（瑞士产）;Beef, entrecôte, steak, raw (Switzerland);0;135;5;2,2;0;23,2;3;42;0
生牛肋眼肉牛排（美国产）;Beef, entrecôte, steak, raw (USA);0;210;14;5,6;0;21,7;3;45;0
生牛里脊;Beef, filet, raw;0;110;2;0,9;0;21,9;0,1;42;0
生碎牛肉;Beef, minced, raw;0;155;8;3,2;0;21,6;3;61;0
生牛肉丝;Beef, chopped, raw;0;105;2;0,6;0;22,2;3;44;0
生炖牛肉块;Beef, ragout (goulash), raw;0;150;8;4;0;19,3;0,2;45;0
生牛上肋肉（瑞士产）;Beef, prime rib, raw (Switzerland);0;165;9;4;0;21,1;3;45;0
生牛上肋肉（美国产）;Beef, prime rib, raw (USA);0;220;16;6,8;0;19,3;3;38;0
生牛肝;Beef, liver, raw;5;140;4;1,4;0;20,5;13;120;0
生牛臀肉;Beef, eye of round, raw;0;110;2;0,8;0;22,4;3;39;0
烤箱烤牛肩肉（三分熟，无油无盐）;Beef, shoulder, medium roast in oven (without addition of fat and salt);0;165;5;1,7;0;30;0,1;59;0
烤箱烤牛肩肉（一分熟，无油无盐）;Beef, shoulder, rare roast in oven (without addition of fat and salt);0;150;4;1,5;0;27,7;0,1;54;0
烤箱烤牛肩肉（全熟，无油无盐）;Beef, shoulder, well done roast in oven (without addition of fat and salt);0;190;6;1,9;0;34,8;0,2;68;0
生牛肩肉（烤用）;Beef, shoulder (roast), raw;0;120;3;1,2;0;21,6;0,1;50;0
带脂熟牛肉;Beef, boiling meat, with fat, raw;0;230;17;7;0;19,5;3;60;0
瘦肉熟牛肉;Beef, boiling meat, lean, raw;0;135;6;2,5;0;20,7;3;57;0
生牛肉块;Beef, ragout, raw;0;100;1;0,6;0;21,2;3;49;0
生牛舌;Beef, tongue, raw;4;200;13;4,7;0;16;2,3;80;0
生牛肉（平均，不含内脏、排骨）;Beef (average excluding offal, chop), raw;0;135;5;2,4;0;21,4;1,6;45;0
牛肉炖肉（带酱汁，已制）;Beef ragout with sauce, prepared;3;95;3;0,5;0,6;12,6;2,2;300;1,6
生牛肋排;Beef, rib, raw;1;155;7;2,6;0;21,7;3,2;2470;0
无奶酪烩饭（已煮）;Risotto without cheese, cooked;25;125;1;0,2;0,6;2,2;0,9;250;0,7
加奶精芮斯崔朵咖啡（无糖）;Ristretto with coffee cream, no sugar added;1;50;4;2,6;0,1;0,8;3,2;23;1,1
小牛肉印度香饭（已制）;Riz Casimir with veal, prepared;16;125;3;0,8;1,1;6,9;1,5;300;3,3
鸡肉印度香饭（已制）;Riz Casimir with chicken, prepared;16;130;3;0,8;1,1;7,5;1,2;300;3,3
酸面团黑麦面包;Rye bread with sour dough;42;210;1;0,1;6,3;5,2;2,7;530;2,1
黑麦面粉（815型）;Rye flour Type 815;72;340;1;0,1;5,2;7,1;2,1;1;7,1
黑麦面粉（1050型）;Rye flour Type 1050;69;335;2;0,2;7,7;7,5;2,7;1;6,8
全麦黑麦面粉（1800型）;Rye flour (wholemeal) Type 1800;63;325;2;0,2;11,2;8,5;4,6;2;1
粗粒黑麦面包;Rye bread with rye grist;44;230;1;0,1;7,5;6,2;3,3;570;0,7
生培根;Bacon, raw;1;400;34;13,1;0;22,1;0;1520;0,6
生腌肉（平均）;Raw cured meat raw (average);0;305;21;5,6;0;28,1;0;1610;0,3
生火腿;Ham, raw;0;230;12;4,3;0;31;0;1760;0,3
成熟中断的生香肠（平均）;Raw sausages with interrupted maturation (average);1;370;34;12,7;0,1;15,6;0,9;940;0,6
生香肠（平均）;Raw sausages (average);0;455;41;15,6;0;22;0,4;1490;0,3
珍珠大麦;Pearl barley;71;345;1;0,3;4,6;9,6;1;5;2,2
醋腌卷鲱鱼;Rollmops (pickled herring);20;270;16;3,7;0;12;32;1180;18
卷火腿（腌熏猪肉）;Rollschinken, cured and smoked pork meat;1;185;11;4,1;0;20,3;1,1;1170;1,2
罗克福奶酪;Roquefort cheese;0;365;32;19;0;18,7;40;1600;0
蒸球芽甘蓝（无盐）;Brussel sprouts, steamed (without addition of salt);3;45;1;0,1;4,1;3,8;0,6;7,4;2,8
生球芽甘蓝;Brussels sprouts, raw;4;45;1;0,1;4,3;4;0,7;9;2,9
葡萄干;Raisins, dried (grape)/ sultanas;68;300;1;0,2;5,2;2,5;2;21;67,1
新鲜迷迭香;Rosemary, fresh;8;65;3;0,5;2,9;0,8;1;8;7,6
瑞士土豆饼（半成品）;Rosti (shredded potatoes, ready to fry);19;120;4;1,6;1,3;2;28;430;0,9
炖紫甘蓝（无油无盐）;Red cabbage, stewed (without addition of fat and salt);4;30;0;0;2,8;1,3;2,6;8,1;3,7
生紫甘蓝;Red cabbage, raw;4;30;0;0;3;1,4;2,9;10;4
棕色面包;Brown bread;44;235;1;0,2;4,1;9,5;1,4;630;0,5
生芝麻菜;Rocket, raw;2;30;1;0,1;1,6;2,6;0;27;2,1
胡萝卜蛋糕;Cake with carrots;25;295;16;1,7;4,5;9,8;9,4;62;19,2
蘑菇炒蛋（已制）;Scrambled eggs with mushrooms, prepared;2;130;9;3,1;0,4;9,4;27;260;1,4
奶酪炒蛋（已制）;Scrambled eggs with cheese, prepared;1;160;12;4,2;0;11,6;30;330;1,3
香草炒蛋（已制）;Scrambled egg with herbs, prepared;2;145;10;3,4;0,4;10,3;27;300;1,6
火腿炒蛋（已制）;Scrambled eggs with ham, prepared;1;150;10;3,3;0;12,7;26;410;1,3
炒蛋（已制）;Scrambled eggs, prepared;1;150;11;3,7;0;10,8;29;320;1,3
黄油蛋糕;Butter cake;45;435;25;13,7;0,9;6,7;9,4;65;26,7
俄式沙拉（已制）;Russian salad, prepared;10;200;16;2,3;2,2;2,5;3,3;140;1,8
酥性饼干（萨布雷）;Short bread cookie (Sablé);53;475;26;15,5;1,6;5,9;0,3;44;17,8
萨拉梅蒂小香肠;Salametti;0;345;31;11,9;0;14,8;0,6;1120;0,3
平价萨拉米;Salami budget type;0;425;37;13,6;0;22;;1530;0
诺斯特拉诺风味萨拉米;Salami Nostrano type;0;370;30;11,3;0;24,1;;1560;0
法式沙拉汁（菜籽油）;Salad dressing french style (with rapeseed oil);3;450;47;5,6;0,3;0,7;2,1;510;0,4
意式沙拉汁（橄榄油）;Salad dressing italian style (with olive oil);1;475;51;6,6;0,1;0,3;0,3;290;0,2
新鲜鼠尾草;Sage, raw;7;60;2;1,1;2,9;1,7;1;2;6,8
萨尔西斯香肠;Salsiz sausage;0;415;35;13,6;0;25,2;;1540;0
盐焗肉（菜籽油煎）;Saltimbocca, pan fried in rapeseed oil HOLL;0;230;12;2;0;30,2;0,2;660;0,1
油籽、果仁、坚果（平均，无盐）;Seeds, kernels, nuts (average), unsalted;11;600;51;9,4;9,5;20,3;5,8;8,6;3,5
油炸萨摩萨三角饺;Samosa deep-fried;32;345;20;4;3,4;6,3;2,9;360;2,4
烤萨摩萨三角饺;Somosa baked;34;310;16;3,8;3,6;6,7;3,1;390;2,6
冷切肉法棍三明治;Sandwich (baguette bread) with cold cuts;17;155;7;1,7;1,5;5;1,7;340;2
午餐肉法棍三明治;Sandwich (baguette bread) with luncheon meat;25;220;9;2,2;1,6;7,9;5,8;460;1,1
半硬质奶酪法棍三明治;Sandwich (baguette bread) with semi hard cheese;20;180;8;2,7;1,6;6,8;2,9;440;1,4
马苏里拉奶酪法棍三明治;Sandwich (baguette bread) with mozzarella;20;165;6;1,8;1,6;5,8;1,8;410;1,4
生火腿法棍三明治;Sandwich (baguette bread) with raw ham;19;165;6;1,3;1,5;8,8;1,7;550;1,3
萨拉米法棍三明治;Sandwich (baguette bread) with salami;18;160;6;1,6;1,7;5,8;1,3;490;2,1
火腿法棍三明治;Sandwich (baguette bread) with ham;17;135;4;0,6;1,6;6,3;1,8;460;2,1
风干肉法棍三明治;Sandwich (baguette bread) with dried meat;18;145;4;0,7;1,7;7,2;1,3;500;2,1
软质奶酪法棍三明治;Sandwich (baguette bread) with soft cheese;21;185;8;2,6;1,7;6,3;3,3;530;1,2
冷切肉棕色面包三明治;Sandwich (brown bread) with cold cuts;15;145;6;1,6;1,9;5,3;1,9;330;2
午餐肉棕色面包三明治;Sandwich (brown bread) with luncheon meat;22;210;10;2,2;2,2;8,1;6,1;450;1,1
半硬质奶酪棕色面包三明治;Sandwich (brown bread) with semi hard cheese;18;175;8;2,8;2,1;7;3,1;430;1,4
马苏里拉奶酪棕色面包三明治;Sandwich (brown bread) with mozzarella;18;155;6;1,9;2,1;6;2;400;1,4
生火腿棕色面包三明治;Sandwich (brown bread) with raw ham;16;160;6;1,3;1,9;9;1,8;540;1,3
萨拉米棕色面包三明治;Sandwich (brown bread) with salami;16;155;7;1,6;2,1;5,9;1,5;480;2,1
火腿棕色面包三明治;Sandwich (brown bread) with ham;15;125;4;0,6;1,9;6,4;1,9;450;2,1
风干肉棕色面包三明治;Sandwich (brown bread) with dried meat;16;135;4;0,7;2,1;7,4;1,5;490;2,1
软质奶酪棕色面包三明治;Sandwich (brown bread) with soft cheese;19;175;8;2,6;2,2;6,5;3,5;520;1,2
油浸凤尾鱼（沥干）;Fish product, anchovy in oil, drained;0;185;8;2,9;0;26,4;30;4970;0,1
凤尾鱼酱;Anchovis paste;0;275;21;4,1;0;19,8;24;7720;0,1
油浸沙丁鱼（沥干）;Fish product, sardine in oil, drained;0;215;14;2,8;0;23;26;480;0
生沙丁鱼;Fish, sardine, raw;0;165;9;2,6;0;20,4;32;110;0
酸菜香肠;Cabbage sausage;2;365;32;11,7;0,7;15,9;1,4;990;1,4
索西松香肠;Saucisson sausage;1;470;44;16,2;0;16,7;1,1;1000;0,5
沃州香肠;Sausage Vaudois;0;360;32;12;0;16,5;;830;0,2
醋渍德国酸菜;Sauerkraut, pickled;2;20;0;0,1;2,2;1,3;3,1;550;0
酸奶油（35%脂肪）;Sour cream (crème fraîche) 35% fat;3;335;35;21;0;2,3;9;30;2,8
半脂酸奶油（15%脂肪）;Sour cream 15% fat;3;175;17;10;0;3;11;40;3,2
斯布林茨硬奶酪;Sbrinz;0;420;33;19,9;0;28,6;40;710;0
生挪威海螯虾;Norway lobster, raw;1;95;1;0,2;0;19,6;240;340;0
香槟酒（起泡酒）;Sparkling wine, champagne;2;70;0;0;0;0,2;10;4;1,5
加工奶酪片（50%脂肪干物质）;Processed cheese, 50% fidm, slice;0;325;30;18;0;13,4;35;1200;0
加工奶酪片（15%脂肪干物质）;Processed cheese, 15% fidm, slice;0;160;9;5,2;0;20,1;35;1200;0
加工奶酪片（45%脂肪干物质）;Processed cheese, 45% fidm, slice;0;305;25;15;0;20;35;1200;0
可涂抹加工奶酪（50%脂肪干物质）;Processed cheese, 50% fidm, spreadable;0;310;29;17,6;0;11,2;35;1100;0
可涂抹加工奶酪（15%脂肪干物质）;Processed cheese, 15% fidm, spreadable;0;165;9;5,6;0;19,4;35;1200;0
可涂抹加工奶酪（45%脂肪干物质）;Processed cheese, 45% fidm, spreadable;0;255;21;12,7;0;16;35;1200;0
新鲜细香葱;Chives, fresh;2;30;1;0,1;2,3;3;4,2;3;1,9
鸡尾酒酱肉排面包;Schnitzel bread with cocktail sauce;25;270;11;1,2;1,3;15,1;0,8;520;0,5
鞑靼酱肉排面包;Schnitzel bread with tartare sauce;23;250;10;1,1;1,3;14,4;1,7;480;0,4
黑巧克力;Chocolate, dark;53;535;32;19,7;7;5,2;2,3;15;50
白巧克力;Chocolate, white;56;570;35;21,9;0,2;6,8;4,9;110;55,3
巧克力酱;Chocolate sauce;20;125;3;1,5;0,5;3,6;7;65;18,7
巧克力环形蛋糕;Chocolate ring cake;46;380;18;10,3;1,8;6,2;7,2;33;22,9
巧克力粉;Chocolate powder;71;405;8;4,6;10,5;6,3;0,9;5;70,6
生欧鲽;Fish, plaice, raw;0;90;2;0,3;0;17,1;53;100;0
许岑香肠;Schützenwurst sausage;0;310;30;10,9;0;9,9;0,6;850;0,2
黑森林蛋糕;Black forest cake;21;250;16;9,3;0,9;3,9;5,3;51;12
蒸黑根芹（无盐）;Black salsify, steamed (without addition of salt);2;60;0;0,1;20,3;1,6;2,6;4,4;2,3
生黑根芹;Black salsify, raw;2;55;0;0,1;18,3;1,4;2,5;5;2,1
生猪肋排;Pork, spare ribs, raw;0;240;19;7,2;0;17,9;1,1;54;0
生猪腿肉片;Pork, round, schnitzel, raw;0;115;3;0,7;0;22,6;1;72;0
生猪里脊;Pork, filet, raw1;0;125;4;1,4;0;22,2;1;120;0
生猪碎肉;Pork, minced, raw;0;160;9;3,1;0;20,5;1;46;0
生猪丝;Pork, chopped, raw;0;135;5;1,6;0;21,3;1;48;0
生猪颈肉排;Pork, throat, raw;0;205;14;5,5;0;18,9;1,1;47;0
生猪蹄膀;Pork, knuckle, raw;1;175;8;2,7;0;25,6;1;74;0
生猪排;Pork, chop, raw;0;180;10;3,9;0;21,4;1,1;43;0
生猪肝;Pork, liver, raw;1;130;5;1,7;0;20,7;14;77;0
生猪腰肉;Pork, loin, raw;0;140;5;2;0;22,9;1,2;38;0
生猪臀肉;Pork, eye of round, raw;0;130;5;1,7;0;20,6;1,1;45;0
烤箱烤猪肩肉（五分熟，无油无盐）;Pork, chuck, medium, roast in oven (without addition of fat and salt);0;230;12;2,4;0;31,1;1,3;76;0
烤箱烤猪肩肉（三分熟，无油无盐）;Pork, chuck, rare, roast in oven (without addition of fat and salt);0;220;11;2,3;0;29,3;1,2;71;0
烤箱烤猪肩肉（全熟，无油无盐）;Pork, chuck, well done, roast in oven (without addition of fat and salt);0;295;15;3,1;0;39,7;1,6;96;0
生猪肩肉（烤用）;Pork, chuck, roast, raw;0;185;9;1,9;0;24,6;1;68;0
生猪肉块;Pork, ragout, raw;0;135;6;2,1;0;20,9;0,8;46;0
生猪肉（平均，不含内脏、排骨、蹄膀）;Pork (average excluding offal, chop, knuckle), raw;0;160;8;2,9;0;21,4;1,1;63;0
猪油;Pork lard;0;895;99;42,4;0;0;9,7;2;0
猪肉煎烤香肠;Pork sausage (Schweinsbratwurst);1;240;19;7,4;0;16,2;;760;0,5
猪肉皮卡塔（已制）;Porc piccata, prepared;6;235;13;3,2;0,3;23,7;13;340;0,1
猪肉炖肉（带酱汁，已制）;Pork ragout with sauce, prepared;3;115;6;1,4;0,6;12,4;1;300;1,6
猪肉水煮香肠;Pork sausage (Schweinswurst);1;270;22;9;0;16,2;;930;0,5
瑞士萨拉米（牛肉猪肉）;Swiss Salami, beef and pork;1;490;44;16,6;0;22;0,9;1590;1,3
生无须鳕;Fish, hake, raw;0;75;0;0,1;0;17;120;77;0
生绿青鳕;Fish, pollock, raw;0;80;0;0,1;0;19,3;85;40;0
生鰨鱼;Fish, sole, raw;0;85;1;0,2;0;18,7;25;120;0
块根芹皮卡塔（已制）;Celeriac piccata, prepared;7;165;12;4,4;4,3;5,3;9,5;320;2
面包糠块根芹片（已制）;Celeriac slices, breaded, prepared;14;140;6;0,7;5,3;5;6,7;350;2,1
白面包卷（塞梅利）;Semmeli (bread roll, white);53;265;1;0,2;2,6;8,9;0,8;660;1
整粒芝麻籽;Sesame seeds whole;12;590;50;9,2;11,8;17,7;10;7,7;0,4
雪利酒（18.5 vol%）;Sherry, 18.5 vol%;4;120;0;0;0;0,1;10;6;3,6
熟肉沙拉（已制）;Boiling meat salad, prepared;2;230;17;4,5;0,5;16,5;2,8;310;1,3
醋渍珍珠洋葱;Pearl onion, pickled;5;30;0;0;1,3;0,9;0;450;3,5
未稀释糖浆;Syrup undiluted;92;375;0;0;0,9;0,1;0,9;1,3;91,4
稀释糖浆（1:5.5）;Syrup, ready to drink (dilution 1:5.5);14;55;0;0;0,1;0;0,1;1;13,4
煮大豆（无油无盐）;Soybean, cooked (without addition of fat and salt);12;175;7;0,8;3,6;14;3,6;2,4;1,4
大豆干;Soybean, dried;29;435;17;2,1;8,9;35,1;9;6;3,5
脱脂大豆粉;Soya flour, defatted;1;250;1;0,2;27,5;45,2;0,8;35;0,6
全脂大豆粉;Soya flour, full fat;3;405;21;2,9;18,5;40,8;0,5;40;3,1
豆奶;Soya milk;2;45;2;0,2;1,1;4;0,4;26;1,3
大豆油;Soybean oil;0;810;90;12,7;0;0;0;0;0
豆粕;Soya meal;1;250;1;0,2;27,5;45,2;0,8;35;0,6
生豆芽;Soybean sprouts;5;55;1;0,1;2,4;5,5;2;30;4,6
葵花籽;Sunflower seeds;12;630;53;5,1;8;21,3;5;3,6;2,1
葵花籽油;Sunflower oil;0;810;90;9,9;0;0;0;0,9;0
高油酸精炼葵花籽油;Sunflower oil HO (high oleic), refined;0;810;90;6,3;0;0;;;0
水果雪芭;Sorbet, fruit;32;140;0;0;0,4;0,2;2,6;1;32,1
蒸芦笋（无盐）;Asparagus, steamed (without addition of salt);3;30;0;0;1,7;2,2;6,6;2,6;3,2
生芦笋;Asparagus, raw;3;30;0;0;1,7;2,2;7;3;3,2
蒸菠菜（无盐）;Spinach, steamed (without addition of salt);1;30;1;0,1;3,4;3,6;15;73;0,9
生菠菜;Spinach, raw;1;25;0;0,1;2,6;2,7;12;65;0,7
菠菜蛋奶饼（酥皮，烘烤）;Spinach quiche, baked (with puff pastry);10;180;12;6,5;2,1;5,8;11;450;1,5
菠菜蛋奶饼（蛋糕面团，烘烤）;Spinach quiche, baked (with cake dough);12;170;10;5,2;2,2;6,1;11;460;1,5
烈酒（40 vol%，如白兰地、金酒）;Spirits, 40 vol% (e.g. brandy, gin);0;225;0;0;0;0;0;2;0
果酱夹心酥饼;Rascal (Shortbread cookie with jam);60;500;26;15;1,9;5,8;0,9;33;30,9
圣加仑半白面包卷;Bread roll from St. Gallen (semi white);45;235;1;0,1;3,5;9,1;1,1;840;0,3
圣加仑许布利希香肠;St. Gall Schüblig sausage;0;295;26;9,7;0;13,6;0,4;850;0,2
圣保兰奶酪;St. Paulin cheese;1;285;23;13,8;0;18;35;800;0
生醋栗;Gooseberry, raw;6;35;0;0;3,2;0,6;0,9;1;6,2
蒸芹菜杆（无盐）;Celery, steamed (without addition of salt);2;20;0;0;2,1;1;1;100;1,6
生芹菜杆;Celery, raw;2;15;0;0;2;0,9;1;110;1,5
炖牛肝菌（无油无盐）;Edible boletus, stewed (without addition of fat and salt);1;40;1;0,1;7,3;4,4;4,2;6,4;0,1
生牛肝菌;Edible boletus, fresh;1;35;0;0,1;6;3,6;3,6;6;0,1
鱼糕;Surimi;6;85;1;0;0;12,6;0;700;0
塔博勒沙拉（布尔古尔，已制）;Taboulé, prepared (with Bulgur);12;115;6;0,7;2,9;2,4;2,1;150;1,3
塔博勒沙拉（库斯库斯，已制）;Taboulé, prepared (with Couscous);16;135;6;0,8;1,4;3;2;170;1,3
自制菜籽油蛋黄酱鞑靼酱;Tartare sauce, home made with rapeseed mayonnaise;2;385;40;4;0,6;3,6;6,7;140;1,8
茶（无糖）;Tea, no sugar added;0;0;0;0;0;0;1;0;0
含鸡蛋面食（盐水煮，无碘盐）;Pasta with egg, cooked in salted water (uniodised);26;140;1;0,1;1,3;5;1,4;340;1,4
干含鸡蛋面食;Pasta with egg, dry;70;365;3;0,4;3,4;13,3;3,3;17;3,6
无鸡蛋面食（盐水煮，无碘盐）;Pasta egg-free, cooked in salted water (uniodised);33;165;1;0,1;2,4;5,8;0,7;420;0,2
干无鸡蛋面食;Pasta egg-free, dry;71;355;1;0,2;5,1;12,5;1;5;0,4
全麦无鸡蛋面食（盐水煮，无碘盐）;Wholemeal pasta egg-free, cooked in salted water (uniodised);28;160;1;0,2;5,4;6,2;1,1;420;0,3
干全麦无鸡蛋面食;Wholemeal pasta egg-free, dry;61;345;3;0,4;11,5;13,4;2;5;0,7
火腿面食焗烤（已制）;Pasta gratin with ham, prepared;15;170;7;3,4;1;10,4;11;470;1,4
法式酱汁面食沙拉;Pasta salad with French dressing;13;135;6;0,9;1,3;5,5;4,6;300;1
意式酱汁面食沙拉;Pasta salat with Italian dressing;13;135;6;1;1,3;5,4;4,4;280;1
巴氏杀菌部分脱脂牛奶;Milk partially skimmed, pasteurized;5;60;3;1,6;0;3,2;6,3;39;4,7
UHT 部分脱脂牛奶;Milk partially skimmed, UHT;5;60;3;1,7;0;3,4;8,5;38;4,6
提契诺白面包;White bread from Ticino;57;325;5;0,7;2,9;10,3;1;670;0,6
德莫瓦纳奶酪;Tête de Moine;0;420;36;21,3;0;24,7;28;930;0
油浸金枪鱼（沥干）;Tuna in oil, drained;0;190;8;1,5;0;27,6;43;350;0
水浸金枪鱼（沥干）;Tuna in water, drained;0;120;2;0,5;0;25,6;0;420;0
油醋汁金枪鱼沙拉（水浸金枪鱼制）;Tuna salad on oil-vinagre-dressing (made from tuna in water);7;110;5;0,7;1,1;9;0,3;330;3,2
生金枪鱼;Fish, tuna, raw;0;150;6;1,8;0;23,4;50;39;0
新鲜百里香;Thyme, fresh;7;55;1;0,6;3;1,5;1;9;7,3
巴氏杀菌蒂尔西特奶酪（至少45%脂肪干物质）;Tilsiter, pasteurized milk, at least 45% fidm;0;355;28;16,8;0;24,6;7,2;550;0
生乳蒂尔西特奶酪（至少45%脂肪干物质）;Tilsiter, raw milk, at least 45% fidm;0;380;30;18,1;0;26,1;7,9;690;0
蒂罗尔蛋糕;Tyrolese cake;41;415;23;10,3;2,5;8,1;8,2;53;20,5
白吐司面包（黄油）;Bread for toasting, white, made with butter;46;320;10;5,9;2,2;8,9;4,8;540;2,7
白吐司面包（植物油）;Bread for toasting, white, made with vegetable oil;46;335;12;2;2,2;8,9;4,8;540;2,7
豆腐;Tofu;1;85;5;0,1;1,2;8,1;10;7;0
炖番茄（无油无盐）;Tomato, stewed (without addition of fat and salt);4;30;0;0;1,6;1;1,4;2,1;4,2
去皮番茄（罐头）;Tomato, peeled (pelati), canned;3;20;0;0;1;0,9;2;100;2,9
生番茄;Tomato, raw;3;25;0;0;1,2;0,8;1,1;1,6;3,2
番茄蛋奶饼（酥皮，烘烤）;Tomato quiche, baked (with puff pastry);10;160;11;6,2;1;3,5;5,5;140;2,6
番茄蛋奶饼（蛋糕面团，烘烤）;Tomato quiche, baked (with cake dough);12;150;9;4,8;1,1;3,9;5,5;150;2,6
番茄泥;Tomato paste;13;80;0;0;2,8;4,5;4;240;12,4
番茄汁;Tomato juice;3;15;0;0;0,1;0,8;2;220;2,1
番茄酱;Tomato sauce;10;70;2;0,5;1,9;1,8;1,6;540;4,1
番茄汤;Tomato soup;7;45;1;0,5;0,7;1;3;410;3,5
托姆奶酪;Tomme cheese;0;290;23;13,5;0;20,7;0;720;0
新鲜葡萄;Grape, fresh;15;70;0;0,1;1,5;0,7;1;2;15
葡萄籽油;Grape seed oil;0;810;90;9;0;0;0;0;0
葡萄汁;Grape juice;15;65;0;0;0;0,2;1;2;14,8
葡萄糖;Glucose;100;400;0;0;0;0;0;0;99,8
饮用水（瑞士平均值）;Drinking water (average Switzerland);0;0;0;0;0;0;0;1;0
风干肉（霍贝尔、格劳宾登、瓦莱、提契诺风干肉）;Dried meat (Hobel-, Bündner-, Walliser-, Tessiner- dried meat);0;190;4;1,6;0;39,3;0;1620;0,4
火鸡胸肉（肉排/肉丝，生）;Turkey, breast (schnitzel, ground), raw;0;110;1;0,3;0;24;1,5;63;0
蒙特多尔瓦什寒奶酪;Vacherin Mont d'or;0;280;23;13,9;0;17,6;20;690;0
香草奶油酱（已煮）;Vanille cream, cooked;24;140;4;2;0;3,2;7,6;31;23,8
油醋汁（菜籽油）;Vinaigrette dressing (with rapeseed oil);2;260;25;2,6;0,5;4,4;11;120;1,9
金枪鱼酱小牛肉（配菜）;Vitello tonnato with garnish;1;180;11;2,5;0,2;19,2;13;250;0,6
金枪鱼酱小牛肉（无配菜）;Vitello tonnato without garnish;1;210;13;2,9;0;23,2;13;280;0,3
全麦米饼;Wholemeal rice waffles;82;395;3;0,6;4,2;8,2;0;330;1,5
巴氏杀菌全脂牛奶;Whole milk, pasteurized;5;70;4;2,4;0;3,3;10;39;4,7
UHT 全脂牛奶;Whole milk, UHT;5;70;4;2,5;0;3,3;9,4;39;4,6
全脂奶粉;Whole milk powder;35;480;26;15,7;0;24,7;27;370;35,1
巴氏杀菌奶油（35%脂肪）;Cream, 35% fat, pasteurized;3;335;35;20,8;0;2;7;35;3,1
UHT 奶油（35%脂肪）;Cream, 35% fat, UHT;3;335;35;20,8;0;2;6,1;25;3,1
猪前腿火腿;Pork, ham from shoulder, raw;0;110;3;1,2;0;18,6;3,6;870;0,4
优质黄油;Butter of choice;1;750;82;49,4;0;0,7;8;10;0,6
瓦莱黑麦面包;Rye bread from Valais;43;220;1;0,1;7;6,3;3,1;570;0,6
山葵酱;Wasabi Paste;50;310;11;;1,3;2,9;;2330;
水冰棍;Water ice;22;90;0;0;0;0;0;0;22
新鲜西瓜;Watermelon, fresh;6;30;0;0;0,3;0,5;10;2;6,3
软焦糖糖果;Soft caramel candies;71;450;17;10,1;0;2,1;0;320;71,1
软质奶酪（平均，不含低脂产品）;Soft cheese (average without fat reduced products);0;325;27;16,5;0;19,3;17;880;0
双倍奶油软质奶酪（60%脂肪干物质）;Soft cheese, 60% fidm;0;365;35;21;0;12;20;700;0
红葡萄酒（12 vol%）;Wine red, 12 vol%;0;70;0;0;0;0,2;10;5;0,3
红葡萄酒（13.5 vol%）;Wine red, 13.5 vol%;0;80;0;;0;0;;;0,2
红葡萄酒（9 vol%）;Wine red, 9 vol%;0;55;0;0;0;0,2;10;5;0,2
白葡萄酒（11 vol%）;Wine white, 11 vol%;2;70;0;0;0;0,1;10;5;2
白葡萄酒（12.5 vol%）;Wine white, 12.5 vol%;0;75;0;0;0;0,2;10;2;0,1
白葡萄酒汽酒（酸）;Wine white, spritzer, sour;0;35;0;0;0;0,1;5;1,5;0
白葡萄酒汽酒（甜）;Wine white, spritzer, sweet;5;55;0;0;0;0,1;5,9;2,5;4,8
白面包;White bread;49;245;1;0,2;2,5;8,5;0,8;680;0,2
蒸白甘蓝（无盐）;White cabbage, steamed (without addition of salt);4;30;0;0;3;1,4;2,8;4,1;4,1
炖白甘蓝（无油无盐）;White cabbage, stewed (without addition of fat and salt) ;5;35;0;0;3,2;1,5;3,1;4,5;4,4
生白甘蓝;White cabbage, raw;4;30;0;0;3;1,4;3;4,8;4,1
白香肠;Weisswurst (veal sausage);1;205;18;6,8;0,2;9,8;4,6;6010;0,8
软质小麦全粒;Wheat, soft, whole grain;60;325;2;0,3;13,3;10,9;6,7;7,7;1,1
全麦小麦片;Wheat wolemeal flakes;61;330;2;0,3;10,3;11,7;2,7;8;0,7
小麦胚芽;Wheat germ;33;355;10;1,5;15,9;25;0,2;9;13
小麦胚芽油;Wheat germ oil;0;810;90;16,7;0;0;0;0;0
小麦麸皮;Wheat bran, raw;18;265;5;0,7;45,1;14,9;3,1;2;3,8
小麦粉（烘焙用，550型）;Wheat flour, bakery, type 550;70;345;1;0,3;3,2;12;0,8;2,1;0,3
半白小麦粉（720型）;Wheat flour, semi white, type 720;66;340;2;0,2;5;13;1;2,7;0,5
高灰分小麦粉（1100型）;Wheat flour, high ash, type 1100;65;340;2;0,3;5,7;13,5;1,5;1,7;0,6
全麦小麦粉（1700型）;Wheat flour, wholemeal, type 1700;61;340;2;0,3;11;13,5;2,5;17;1
精白小麦粉（400型）;Wheat flour, white, type 400;71;350;1;0,3;3,2;11,5;0,6;1,5;0,3
小麦烩饭（已煮）;Wheat risotto, cooked;28;175;3;0,4;6,2;5,1;3,5;440;1,7
小麦淀粉;Wheat starch;86;350;0;0;1,2;0,4;0;2;0
全麦面包;Wholewheat bread;38;215;1;0,2;6,9;8,6;1,9;580;0,7
味美思酒（15 vol%）;Vermouth, 15 vol%;14;140;0;0;0;0,1;0;20;13,5
维也纳香肠;Wienerli (Swiss sausage);1;245;20;7,8;0;13,9;;870;0,6
煮维也纳香肠;Wienerli (Swiss sausage), cooked;1;235;20;7,6;0;13,5;;720;0,6
生野味肉（平均）;Game meat (average), raw;0;115;3;1,5;0;21,1;1,2;70;0
野味肉酱;Terrine, game meat;2;290;23;9,1;0,2;17,3;3,5;870;1,6
生野猪肉;Wild boar, raw;0;110;3;1,5;0;19,5;6;94;0
蒸皱叶甘蓝（无盐）;Savoy cabbage, steamed (without addition of salt);3;35;0;0;2,6;2,8;2,5;7,5;2,8
生皱叶甘蓝;Savoy cabbage, raw;3;35;0;0;2,6;2,8;2,6;8,7;2,8
奶酪香肠沙拉（已制）;Cheese and sausage salad, prepared;1;265;23;9,4;0,2;13,9;5,6;560;0,6
香肠沙拉（已制）;Sausage salad, prepared;2;230;21;5,5;0,4;7,1;0,1;650;1,2
蒸根茎类蔬菜（平均，无盐）;Root and tuber vegetables (average), steamed (without addition of salt);7;40;0;0;3,1;1,1;1,6;34;6,4
炖根茎类蔬菜（平均，无油无盐）;Root and tuber vegetables (average), stewed (without addition of fat and salt);6;35;0;0;2,7;1;1,5;37;5,6
煮根茎类蔬菜（平均，无油无盐）;Root and tuber vegetables (average), boiled (without addition of fat and salt);6;40;0;0;2,9;1;1,5;22;6,1
生根茎类蔬菜（平均）;Root and tuber vegetables (average), raw;6;40;0;0;2,8;1;1,6;38;5,8
扎波内香肠;Zampone;0;365;32;10,4;0;19,1;0;1380;0
生山羊肉;Goat (average), raw;0;150;8;3,6;0;19,5;1;50;0
山羊奶;Goat milk;4;70;4;2,6;0;3,4;4,6;40;4,4
白齐格奶酪;Ziger white;3;125;7;4,3;0;11,1;0;33;3,3
肉桂星形饼干;Cinnamon cookie, star-shaped;49;485;25;1,9;6,8;11,9;2;44;49
新鲜柠檬;Lemon, fresh;3;25;0;0;2;0,8;1,5;4;2,5
柠檬汁;Lemon juice;6;30;0;0;0,4;0,4;0,6;21;6,1
生柑橘类水果（平均）;Citrus fruits (average), raw;8;45;0;0;1,6;0,8;1;3,3;8,3
西葫芦皮卡塔（已制）;Zucchini piccata, prepared;6;155;11;4,3;1;5,4;9,2;250;2
炖西葫芦（无油无盐）;Zucchini, stewed (without addition of fat and salt);3;25;0;0;1,3;2,4;3;4;2,5
生西葫芦;Zucchini, raw;2;20;0;0;1;1,8;2,3;3;1,9
面包糠西葫芦片（已制）;Zucchini slices, breaded, prepared;13;130;6;0,6;1,5;5,2;6,5;270;2,1
红糖;Sugar, brown;98;390;0;0;0;0;0;40;97,6
白糖;Sugar, white;100;400;0;0;0;0;0;0;100
生菊苣;Sugar loaf chicory, raw;2;20;0;0;1,6;1,2;3,3;10;1,5
甜玉米罐头;Sweet corn canned;18;100;1;0,2;2,3;3;0;300;6,9
加热甜玉米罐头（无盐）;Sweet corn (canned), heated (without addition of salt);19;110;1;0,2;2,4;3,2;0;270;7,3
楚格樱桃派;Cherry pie from Zug;35;335;19;8,5;1,5;4,8;4,2;62;27
舌头（平均，小牛/牛）;Tongue (average of veal and beef), raw;3;190;12;4,4;0;16,6;2,3;83;0
煮西梅李子（沥干，无添加糖）;Prune plum, stewed, drained (without addition of sugar);11;55;0;0;2,8;0,7;0,1;2,5;10,9
新鲜西梅李子;Prune plum, fresh;9;45;0;0;2,3;0,6;0,1;2;8,8
西梅李子派（酥皮，烘烤）;Prune plum pie, baked (with puff pastry);15;135;7;3,8;1,8;2,5;2,6;93;7,7
西梅李子派（蛋糕面团，烘烤）;Prune plum pie, baked (with cake dough);17;125;5;2,6;2;2,9;2,6;100;7,7
面包干;Rusk;70;430;10;4,9;2,6;14,7;49;800;14,4
全麦面包干;Rusk wholemeal;61;415;9;4;7,8;17,7;51;740;13,9
炖洋葱（无油无盐）;Onion, stewed (without addition of fat and salt);8;50;0;0;2,2;1,6;2,1;3,6;8,4
烤洋葱（无油无盐）;Onion, roasted, brown (without addition of fat and salt);17;95;1;0;4,3;3,1;4,3;9;16,7
生洋葱;Onion, raw;7;40;0;0;1,8;1,3;1,8;3,8;7
洋葱蛋奶饼（酥皮，烘烤）;Onion quiche, baked (with puff pastry);13;180;12;6,2;1,5;4,6;4,1;380;5,1
洋葱蛋奶饼（蛋糕面团，烘烤）;Onion quiche, baked (with cake dough);15;175;10;5;1,6;5;4,1;390;5,1
